"HWRF","VMAX","L","U"
44.112476348877,45,NA,NA
53.0149841308594,50,NA,NA
54.7946739196777,55,NA,NA
61.9232788085938,60,NA,NA
82.5627975463867,65,NA,NA
70.2334518432617,70,NA,NA
73.6001815795898,80,NA,NA
88.0752334594727,80,NA,NA
83.5897674560547,85,NA,NA
96.4757232666016,85,NA,NA
104.366943359375,80,NA,NA
114.140693664551,70,NA,NA
89.1684112548828,65,NA,NA
69.8548278808594,60,NA,NA
58.6279373168945,60,NA,NA
51.9168815612793,55,NA,NA
45.5322303771973,50,NA,NA
43.3061065673828,45,NA,NA
42.1938591003418,40,NA,NA
35.7594757080078,30,NA,NA
39.6196098327637,30,NA,NA
32.0935249328613,30,NA,NA
32.2691268920898,30,NA,NA
40.4148254394531,46.965914702657,30.2965133752017,63.4354611747684
41.363525390625,48.0934372632175,31.782525521073,64.4410643875905
44.9097709655762,44.9466656801849,28.763618711423,61.4824207381647
40.6069984436035,45.8598974160826,29.5011126100047,62.1265310642001
40.935432434082,42.2257603073591,25.8710593808423,58.5471053385244
45.0023612976074,48.6360155019447,32.247498616873,64.9435462225918
40.7753753662109,45.9869818292579,29.853357908982,62.6542136293461
48.4907264709473,51.4033381902968,35.2270463721233,67.9366957660859
59.5826225280762,55.8463787080138,39.6868381611897,72.0612329139746
57.5958290100098,53.1061252598572,36.6109891501381,69.541866578261
63.3224792480469,58.4043234975112,42.578444586565,74.6074312409238
61.6424751281738,53.4853882432408,37.0856830051215,70.1179617069081
58.9011650085449,53.3616936921688,36.8613171362076,69.7535000608331
58.9092025756836,47.8254250153138,31.3718647568998,64.1626750484959
47.6031761169434,49.2425571905422,33.1671204222923,65.3924147807569
58.8951416015625,48.3381392063322,31.9967639563974,64.7210813599251
51.7884330749512,42.8566374569414,26.6264430025082,59.4476590570356
51.5914268493652,40.2125965604986,23.7380411501908,56.493351326164
50.8119354248047,32.9574794774285,16.5644254195407,49.2910999934405
54.6181640625,33.7604071709863,17.4238254813109,50.0002710299693
45.4344711303711,31.1125863810096,14.7397774750472,47.6243352884435
43.7939758300781,28.9081468464323,12.6243450715908,45.2083087857675
39.7255249023438,45,NA,NA
36.8349876403809,45,NA,NA
45.7428779602051,45,NA,NA
59.1116065979004,50,NA,NA
58.5257110595703,50,NA,NA
53.2433319091797,65,NA,NA
57.3389205932617,65,NA,NA
60.477611541748,65,NA,NA
59.9833602905273,65,NA,NA
62.2130928039551,70,NA,NA
63.7492790222168,70,NA,NA
63.0686950683594,70,NA,NA
58.3418121337891,65,NA,NA
55.5541458129883,65,NA,NA
64.5505676269531,65,NA,NA
74.8145065307617,70,NA,NA
70.7775650024414,75,NA,NA
81.7672576904297,75,NA,NA
75.1338729858398,70,NA,NA
62.8085708618164,65,NA,NA
67.104850769043,65,NA,NA
61.3437881469727,65,NA,NA
64.2996292114258,65,NA,NA
58.8455276489258,60,NA,NA
41.3433456420898,40,NA,NA
32.9410285949707,40,NA,NA
36.8476066589355,35,NA,NA
39.500373840332,25,NA,NA
30.0448188781738,20,NA,NA
28.2449779510498,15,NA,NA
40.5961685180664,40,NA,NA
42.9156875610352,40,NA,NA
45.9607162475586,40,NA,NA
50.357837677002,45,NA,NA
53.9553031921387,45,NA,NA
46.0678329467773,50,NA,NA
46.204216003418,55,NA,NA
48.3543853759766,60,NA,NA
48.7099075317383,70,NA,NA
49.8296394348145,75,NA,NA
68.8194961547852,80,NA,NA
77.0359191894531,85,NA,NA
86.7861099243164,90,NA,NA
90.5449447631836,95,NA,NA
81.9493713378906,95,NA,NA
87.5424346923828,100,NA,NA
98.7368545532227,105,NA,NA
85.4668579101562,95,NA,NA
93.8427429199219,85,NA,NA
98.7091979980469,85,NA,NA
108.943908691406,80,NA,NA
96.2789001464844,80,NA,NA
88.0986862182617,75,NA,NA
83.7314224243164,70,NA,NA
76.61962890625,70,NA,NA
77.4268951416016,65,NA,NA
61.2206039428711,60,NA,NA
42.3955574035645,55,NA,NA
36.1811180114746,45,NA,NA
36.636402130127,40,NA,NA
29.004150390625,35,NA,NA
28.4391975402832,30,NA,NA
30.0473957061768,30,NA,NA
32.1833648681641,25,NA,NA
47.2686500549316,60,NA,NA
40.7541694641113,60,NA,NA
67.8343963623047,60,NA,NA
56.0409202575684,65,NA,NA
57.7118949890137,70,NA,NA
56.8246803283691,60,NA,NA
66.3036499023438,50,NA,NA
40.1686515808105,65,NA,NA
74.9272918701172,80,NA,NA
83.118782043457,90,NA,NA
85.3347473144531,95,NA,NA
68.9920349121094,100,NA,NA
88.1971588134766,115,NA,NA
96.3180618286133,115,NA,NA
100.780052185059,115,NA,NA
108.470985412598,110,NA,NA
118.999443054199,110,NA,NA
114.502159118652,115,NA,NA
115.362129211426,125,NA,NA
118.56372833252,125,NA,NA
111.8642578125,120,NA,NA
113.574249267578,115,NA,NA
108.593399047852,110,NA,NA
106.719825744629,105,NA,NA
103.659278869629,95,NA,NA
94.4190826416016,90,NA,NA
104.406944274902,85,NA,NA
104.137916564941,85,NA,NA
102.650367736816,85,NA,NA
94.7750778198242,80,NA,NA
78.2810440063477,70,NA,NA
55.8103294372559,65,NA,NA
43.9878082275391,55,NA,NA
39.6792259216309,50,NA,NA
33.1592903137207,25,NA,NA
26.2996311187744,20,NA,NA
32.3466682434082,20,NA,NA
29.3492774963379,20,NA,NA
26.52463722229,20,NA,NA
46.9889945983887,45,NA,NA
46.6800727844238,45,NA,NA
44.7646408081055,40,NA,NA
36.0077934265137,35,NA,NA
34.7343978881836,30,NA,NA
32.1235427856445,30,NA,NA
31.1698112487793,30,NA,NA
34.4521408081055,30,NA,NA
34.199951171875,30,NA,NA
51.4431381225586,45,NA,NA
32.3791618347168,35,NA,NA
28.8529052734375,30,NA,NA
25.9697532653809,30,NA,NA
42.5374450683594,52.7837830993861,36.6866598520157,69.063318587546
43.7305603027344,52.813598145781,36.4039864721249,69.2913436127001
40.9542350769043,51.7742276379411,35.2027014334451,68.2168822029676
31.2984046936035,43.9787075617876,27.6653971886309,60.2949333512552
34.4695205688477,44.124365354513,27.7219832072576,60.9346296044492
41.6576881408691,46.255852527611,29.6752246273148,62.632064543975
53.2784004211426,47.6593314739771,31.2004947273915,64.0246652132725
53.9888572692871,50.4304863077358,34.1423891645963,66.9391121239848
54.1236343383789,48.7851905905385,32.8443752450119,65.1157176621105
57.0012245178223,49.7790703433729,33.417534188659,65.9483782817696
45.5978965759277,49.4655130964212,32.8300504867758,65.8217072157194
35.153076171875,65,NA,NA
33.5172424316406,70,NA,NA
40.7897338867188,75,NA,NA
49.7857055664062,70,NA,NA
53.6304931640625,65,NA,NA
46.9022216796875,60,NA,NA
48.1479721069336,50,NA,NA
42.9684715270996,45,NA,NA
47.3670921325684,45,NA,NA
47.8511352539062,40,NA,NA
36.4857406616211,35,NA,NA
39.7246437072754,40,NA,NA
45.5089454650879,40,NA,NA
36.1061134338379,35,NA,NA
38.0734596252441,35,NA,NA
39.9567718505859,35,NA,NA
39.3876571655273,30,NA,NA
36.0570487976074,30,NA,NA
37.787540435791,35,NA,NA
45.208251953125,35,NA,NA
32.7502021789551,30,NA,NA
30.4629821777344,30,NA,NA
31.4588737487793,30,NA,NA
27.825023651123,30,NA,NA
29.696460723877,25,NA,NA
26.5237693786621,50,NA,NA
19.4017105102539,45,NA,NA
27.0049362182617,45,NA,NA
27.3621196746826,45,NA,NA
38.1805038452148,40,NA,NA
43.9412612915039,35,NA,NA
36.565845489502,30,NA,NA
30.6426410675049,30,NA,NA
31.5596351623535,25,NA,NA
32.1421661376953,25,NA,NA
37.8005104064941,36.3253291322223,20.1502668711755,52.6679294114684
40.8025016784668,41.0826921574806,24.8058188362994,57.5950779493979
45.7704391479492,40.5244612734177,23.8997973446399,56.8823038926559
53.8114356994629,43.0365679353104,26.4751317935529,59.1696545499575
40.1568794250488,36.9240296762055,20.3418941227335,53.1632430054828
41.8760757446289,33.7283831483605,17.5578791300989,50.1323857882213
32.1250381469727,30,NA,NA
27.7474918365479,25,NA,NA
34.2136268615723,25,NA,NA
30.3104763031006,25,NA,NA
34.0584259033203,25,NA,NA
36.1761322021484,25,NA,NA
37.0274658203125,25,NA,NA
39.757698059082,41.9484226351741,25.5736943715127,58.2714721361202
45.9044151306152,43.4075469173811,27.2007435378518,59.6374621817787
41.3090324401855,52.9888866800726,36.8651173561153,69.1147924638646
47.759838104248,48.2610800845561,31.9306972003705,64.7859160665801
45.2945022583008,53.791557798016,37.6075586327181,70.1458513454825
60.9416275024414,56.533073788413,40.0726563797491,72.8930215142061
64.90673828125,75.5572481835367,59.0043106198599,91.4772790199138
89.7089538574219,110.048572589607,93.6966373794961,126.430119011859
111.150695800781,128.462297867427,112.181748370948,144.879402731251
107.687164306641,158.607922223789,142.209230536364,174.903531451417
111.120788574219,162.274777047188,145.85789435707,178.707064898262
111.982513427734,153.933391418769,137.641749163454,170.264113718158
111.65894317627,170.113863491813,153.895623605003,186.28529453887
123.917869567871,178.0981177296,161.603861382358,194.444749337376
128.736145019531,185.932373996806,169.547995136797,202.243984851872
126.762069702148,181.754046586129,165.169797876499,197.972977519432
128.073471069336,185.65736484563,169.084535392369,201.962304407235
113.17993927002,183.922352130732,167.388207476183,199.996348394319
117.960807800293,164.944856889414,148.723239413841,181.342341187929
106.51293182373,155.490347576701,139.255454632841,171.552089905468
98.1958389282227,146.823325039791,130.66635253558,163.204134102268
107.50382232666,162.291621303084,146.078014824937,178.544529854103
99.0084533691406,149.311002620637,133.123194508938,165.622612361692
84.4256210327148,138.52865651589,122.02247816178,154.860547770793
84.3282089233398,118.260455258342,102.104758038859,134.137846372965
69.7879028320312,119.397092476529,103.325012471832,135.562031445806
75.73193359375,110.151456169003,93.8369382089804,126.495153133342
70.9735794067383,102.89864176822,86.1990342476274,119.619076775663
68.2768402099609,110.872481821168,94.5566496082771,127.128810908607
66.732307434082,108.162657882476,91.7489496214752,124.485229107848
69.7369613647461,101.570791077865,85.2026163225232,117.808516061409
73.4540100097656,103.796370169133,87.5205556195523,119.875711911094
63.7655792236328,100.542129979834,84.0253452099505,116.998001981844
63.8704490661621,86.7211445435714,70.3170344331924,103.195167663827
62.3895645141602,71.9749655170772,55.8009938195633,88.3959637845409
65.8636856079102,58.5733701632969,42.1945745133797,74.7815748718309
55.1648216247559,49.2789983674324,32.864491310869,65.7757689500194
47.5326194763184,31.80721671753,15.3459966907502,48.2653387240685
43.6363105773926,22.6276424247078,6.53497212838575,39.1092660342129
41.3944435119629,17.6726152114376,1.22889737843755,34.1279648047707
35.595874786377,14.5372042601652,-1.7364862749628,30.9549016786207
35.9215316772461,52.3557989739063,36.3981904005176,68.679250842265
33.6996116638184,41.1834094432064,24.9865169613091,57.6578479714781
52.7803535461426,46.0070471711509,29.8695348829218,62.2050320426633
37.4046630859375,48.4844009659232,32.0749842886309,64.8428799803921
45.804386138916,37.2352328990524,20.8012728999397,53.4803680008071
60.4125366210938,48.9980828260505,32.6404152852101,65.3145740224377
65.8412857055664,46.5614105305752,30.5178261665139,62.8152234212728
71.7360916137695,48.4640744890496,32.2661036680086,64.5576943312818
58.9374732971191,37.6932759873125,21.550749195305,54.1260265807633
55.786449432373,27.4094647166881,11.2416390967685,43.7922409110363
48.6474533081055,27.8092714683189,11.3222430116354,44.1164067585338
47.4528045654297,27.1795749950154,10.7494218705501,43.3483331654794
41.5066871643066,22.4425713815139,6.37803265009888,38.305467486828
37.0979652404785,24.1285048114229,7.99620623563648,40.2703831657822
43.0851898193359,75,NA,NA
48.6517105102539,65,NA,NA
58.7227096557617,55,NA,NA
57.6681175231934,55,NA,NA
59.3312149047852,55,NA,NA
57.4632568359375,55,NA,NA
54.5125503540039,55,NA,NA
43.909538269043,36.0755516831159,19.654418739644,52.537751580284
42.6735458374023,34.5506987122717,18.0886336114928,51.035471864409
36.1672058105469,30.8379909930054,14.4644455171436,47.2470084161538
36.1659355163574,27.7857737292697,11.3424516220118,44.3329157574641
28.88059425354,26.4757610206529,10.3930308531701,42.6479913309533
26.2567710876465,25.910336367557,9.84167121284783,42.341439655411
25.4387359619141,25.517988344523,9.4561682224721,41.7730652401444
27.0975666046143,26.3393937463938,10.0289388728819,42.5350143869861
24.1781139373779,28.0133426553452,11.9573346956612,44.2075419722917
26.684009552002,26.9084922056112,10.7655269019603,43.2475548245384
26.6849308013916,28.5659833001599,12.0194582367137,45.0590973965114
21.4169216156006,29.6939616282892,13.5901472982667,46.0824415282338
55.1246566772461,41.0968986135938,24.9338073193341,57.3309019710256
48.9551162719727,39.5250403200777,23.1353628315956,55.7111623899592
47.5360336303711,35.7031904282131,19.508515327032,51.9721220507924
39.1109466552734,32.7062302297635,16.2401028179221,48.7423285835895
34.7189788818359,29.3485154069928,12.8804202435912,45.4864312088169
29.3472995758057,27.9858915814987,11.8170393918736,44.2642538072876
26.0211944580078,27.8689779378181,11.6024198742151,44.2350901685555
27.6440277099609,27.1559570375523,10.8741452007025,43.4529369470699
28.2007789611816,26.9343520910416,10.8043997376077,43.2261931001777
27.9473266601562,26.8628962148994,10.4907469319565,43.2578610832983
45.0286026000977,55.8298671930302,39.424514798754,71.8954298612187
47.6416244506836,47.9575770174472,31.743327469899,64.0578061333747
43.3660278320312,40.9398976008227,24.6621534677642,57.2596835760331
54.873893737793,43.4414236659815,27.0276229333895,59.6119553437385
65.830696105957,32.2442916807054,15.8972408627009,48.5111239245783
64.3564453125,24.2267649468665,7.60977649099212,40.6866372579877
27.0796642303467,35,NA,NA
30.0224323272705,20,NA,NA
62.8169326782227,60,NA,NA
58.2640495300293,70,NA,NA
78.6527404785156,75,NA,NA
47.4211692810059,60,NA,NA
37.8581352233887,40,NA,NA
42.4994163513184,35,NA,NA
38.3778076171875,35,NA,NA
33.2067489624023,40,NA,NA
37.5766983032227,50,NA,NA
36.0806312561035,50,NA,NA
33.7347755432129,45,NA,NA
41.2249145507812,25,NA,NA
31.2105102539062,35,NA,NA
33.790699005127,40,NA,NA
31.4732551574707,40,NA,NA
29.7497711181641,40,NA,NA
35.2840461730957,45,NA,NA
37.9083633422852,45,NA,NA
33.1004333496094,40,NA,NA
33.3128700256348,40,NA,NA
31.2463264465332,40,NA,NA
36.9480819702148,40,NA,NA
36.2191276550293,45,NA,NA
36.0923767089844,45,NA,NA
36.5310974121094,45,NA,NA
54.1668891906738,40,NA,NA
39.8944206237793,35,NA,NA
35.4396514892578,35,NA,NA
40.3052940368652,35,NA,NA
39.178352355957,30,NA,NA
37.944408416748,30,NA,NA
35.6519203186035,30,NA,NA
30.6325721740723,30,NA,NA
29.1774425506592,25,NA,NA
28.7771911621094,20,NA,NA
29.2215347290039,20,NA,NA
53.9953994750977,60,NA,NA
60.63916015625,65,NA,NA
67.9036865234375,65,NA,NA
67.8964080810547,65,NA,NA
68.1773681640625,65,NA,NA
53.9821434020996,60,NA,NA
54.1550369262695,55,NA,NA
51.5144577026367,55,NA,NA
52.499584197998,55,NA,NA
58.1998062133789,55,NA,NA
51.5545768737793,55,NA,NA
54.0614280700684,55,NA,NA
52.0788536071777,55,NA,NA
51.1549797058105,60,NA,NA
59.602954864502,65,NA,NA
54.9594383239746,75,NA,NA
82.4739685058594,80,NA,NA
72.6250686645508,90,NA,NA
73.9885711669922,100,NA,NA
101.482032775879,105,NA,NA
102.353660583496,100,NA,NA
101.516807556152,95,NA,NA
26.6494388580322,30,NA,NA
94.9362945556641,90,NA,NA
25.0008201599121,30,NA,NA
30.287576675415,34.8445297397189,18.7752432752592,51.3789476947022
91.2749252319336,85,NA,NA
25.627025604248,30,NA,NA
35.4069709777832,40.9251646978952,24.9677164510656,57.075188243731
81.7748260498047,85,NA,NA
28.8845653533936,30,NA,NA
44.3041458129883,48.5583612796751,32.1243444458505,64.8265735490457
84.2970123291016,85,NA,NA
31.8348064422607,30,NA,NA
40.6527557373047,60.9854793742084,44.7504015124433,77.1339380229297
87.5962753295898,95,NA,NA
28.1419868469238,30,NA,NA
33.1902885437012,48.0230584429325,31.773276744692,64.2255038878821
90.3083953857422,105,NA,NA
26.5180683135986,30,NA,NA
32.0454750061035,48.9648753112366,32.3188553711448,65.2303016984716
87.7320709228516,105,NA,NA
26.8117351531982,30,NA,NA
34.7693367004395,47.4910197986057,31.1867368970581,63.6289017641026
83.1654205322266,100,NA,NA
26.062650680542,30,NA,NA
58.4534759521484,56.3281895108169,40.3375866977937,72.7243807835407
92.1893539428711,95,NA,NA
26.4117031097412,30,NA,NA
54.0194816589355,62.8703931264573,46.593169108791,79.5341091039392
91.0675048828125,90,NA,NA
28.3191967010498,30,NA,NA
57.578311920166,67.6832669414828,51.5370869071777,84.1343756658384
100.033981323242,85,NA,NA
48.7068634033203,65.2116903089416,48.8824739287032,81.4420618427464
94.6763534545898,80,NA,NA
50.2995834350586,55.6266567027517,39.4440555197326,72.0505617720745
87.9577178955078,75,NA,NA
60.9128494262695,60.9013978313634,44.7959302984705,77.3869338196771
81.3313369750977,70,NA,NA
66.0045928955078,70.5033527914114,54.4597712613196,86.7633990288253
74.0408172607422,65,NA,NA
57.2829551696777,63.8733463865715,47.4109000142174,80.1337884173907
49.5640106201172,60,NA,NA
48.9242172241211,54.1280364404105,38.0963575072665,70.4965546272886
43.7552070617676,45,NA,NA
50.2306098937988,47.1062675742136,30.8360840777342,63.3165059161004
40.2919120788574,35,NA,NA
51.5162963867188,46.3376557991323,29.916230269773,62.6064842993946
43.3004875183105,30,NA,NA
56.7943840026855,45.0305025749818,28.8877824769491,61.0977710709632
33.6188850402832,25,NA,NA
58.4351234436035,32.4491707202393,16.1397917271589,49.0979687479264
64.3971099853516,37.0351226156558,20.7538875964543,53.2276897257897
59.5305442810059,33.7529081293743,17.4586552816394,50.0873066395546
56.0850791931152,32.3790470961857,16.1362700203117,48.6111050670628
53.8439407348633,33.8939934862228,17.4859250260804,49.9585255240041
56.5491333007812,38.1804934832405,21.8689403699642,54.343864931952
61.9238586425781,38.9506709110412,22.3058945594929,55.1949062630936
60.6727523803711,41.2068108669043,24.9803699793838,57.493028813901
60.8524169921875,37.1185472141491,20.978779043436,53.5573639269444
52.5851516723633,39.7504379097273,23.5111082306765,56.0217849963837
44.0035514831543,36.1425618291944,19.9681303044814,52.4720464711717
47.3732032775879,34.553483121316,18.23440498281,50.9073199318896
40.1952514648438,39.2774196028329,22.8804728266324,55.7242134387208
40.5188941955566,39.891166863648,23.4617446952443,56.1698967586581
37.6942481994629,35.5877726829776,19.2582651500603,51.8514486455114
36.7386474609375,27.255771359889,10.8071633027716,43.7660403010153
54.8996467590332,45,NA,NA
53.6856384277344,45,NA,NA
52.462329864502,45,NA,NA
46.7273902893066,45,NA,NA
54.2306327819824,45,NA,NA
46.5388374328613,45,NA,NA
31.4022388458252,40,NA,NA
44.375301361084,45,NA,NA
29.8540706634521,40,NA,NA
45.7684135437012,45,NA,NA
35.9229125976562,40,NA,NA
41.7030258178711,39.2100743100473,22.8304833372841,55.5910358636456
44.9428825378418,45,NA,NA
40.3867034912109,40,NA,NA
38.9870262145996,35.5866669393619,18.8960544672153,51.8634978228555
52.1396789550781,45,NA,NA
63.5959129333496,40,NA,NA
35.0267753601074,34.9233930202681,18.5812469427584,51.3076506969942
55.9003295898438,50,NA,NA
37.6901321411133,40,NA,NA
35.0493354797363,33.5078185038212,17.1206956586014,50.0148094279899
54.5512008666992,55,NA,NA
35.0865745544434,40,NA,NA
45.073657989502,37.5327344497186,21.0968632412154,53.5786790093669
50.7998123168945,55,NA,NA
32.5071601867676,40,NA,NA
46.5031318664551,41.432294983443,25.1660184811153,57.5780228402472
42.4816017150879,55,NA,NA
38.766544342041,30,NA,NA
49.3792762756348,45.0480657422398,29.0770780558798,61.4094132139288
32.0172920227051,30,NA,NA
45.619441986084,51.3815772721111,35.006734113488,67.7531042748464
30.2584953308105,30,NA,NA
44.8073921203613,51.3329927355688,35.0687461131376,67.6082379859483
27.7560634613037,30,NA,NA
39.1666564941406,46.7377694364487,30.5623476625292,63.1538362804795
27.1374855041504,30,NA,NA
41.3792457580566,45.0764508241264,28.7987639003819,61.6668961680233
29.9765453338623,25,NA,NA
42.2282104492188,45.3903260853201,29.0706835789598,61.7959884394824
30.9570484161377,25,NA,NA
40.5028839111328,44.8391823202277,28.602578073562,61.2946717703241
26.8152866363525,25,NA,NA
37.4834213256836,44.6085403249185,28.3371603369946,61.0470305745298
27.5638751983643,30,NA,NA
37.8928260803223,44.2747247261067,27.858005929484,60.7063547562527
29.4956455230713,30,NA,NA
42.3328399658203,44.9949292028278,28.416423689121,61.3844855335133
31.5467548370361,30,NA,NA
38.5337562561035,41.3802134942495,25.083530623748,57.7163157257682
31.2403221130371,30,NA,NA
49.9695358276367,47.1630858381351,30.800569423181,63.439924528118
29.3045444488525,30,NA,NA
38.7001075744629,47.1856038472186,30.8739033614567,63.7557246005331
40.2122344970703,39.751831046753,23.6838997744359,55.9980341806795
40.9137878417969,39.0522069024861,22.7444107951552,55.3437735860161
41.170970916748,38.4107194538716,22.2428482609062,54.5695874906704
44.8399200439453,56.0306733558169,39.725356840065,72.3050346147928
41.8107643127441,37.1393781531631,20.6336126745083,53.578478682132
35.5846633911133,41.1438296297609,24.8075887142955,57.7034557936728
38.738452911377,41.7719028312315,25.2730032174592,58.2247670722633
38.1448974609375,42.2962582361507,25.8206911015741,58.8237513209231
43.1155204772949,55.8132090450941,39.4112320135197,71.9838105852254
39.4226417541504,43.1373303233632,26.9202006562432,59.3859976962917
41.7775268554688,48.9313803031932,32.6782455317888,65.2612737405386
37.1938018798828,32.2773563905032,15.9280282957162,48.6898136022479
43.0788497924805,50.5962396551759,34.2819077367313,66.7047531040611
37.465747833252,34.1978129877788,18.0296117061592,50.4445667825073
46.2983779907227,50.4368623108861,34.1971113340731,66.7755523318561
39.1330223083496,32.5657484353872,16.1901465536023,48.9404520338228
43.4140357971191,39.3146585703027,22.7813521978453,55.6228989637679
39.8886566162109,37.3457310375675,20.8773029742098,53.4879513574439
44.494571685791,40.9571927748811,24.6251330996902,57.4027676023239
38.9976387023926,34.0777169209554,17.7660924883699,50.2647057798499
42.2431793212891,41.0719389189025,24.8714693216805,57.346290922356
51.5195465087891,40.1277899014345,23.8516255595716,56.5963949380934
43.1797294616699,43.5690295861696,27.301829685066,59.5912752396053
55.9471626281738,39.7563197931416,23.5605845421098,56.0918277848877
38.2075805664062,45.0413648244492,28.5450871262247,61.5581007258388
57.6642761230469,38.8847022007639,22.5136442540379,55.1623706946528
47.9750595092773,40.394234904387,24.0045805652263,56.7414703248973
48.9997787475586,37.9762884035101,21.4102316751773,54.3219280383044
52.1560096740723,45.7943660306273,29.5835820849968,62.1998548511455
38.5199394226074,35.2692552208284,18.7889240925788,51.4687241158145
56.4819030761719,51.4562838340097,35.1851572634519,67.7795666390359
32.402473449707,30.0485359561708,13.7748339603159,46.2980255290088
63.9119110107422,55.7883644089458,39.3511588060197,72.2338154111795
35.2702255249023,33.2667366530511,16.8603281302889,49.4642421504588
61.8126983642578,53.69262611662,37.2300043626659,69.8751617552754
32.616626739502,30.8155382249922,14.6760372332009,47.1929090414925
57.6471672058105,53.1102388475144,36.6610604023283,69.4308492899549
29.6214370727539,32.0293904858547,15.4238524252537,48.3368999976762
52.7631912231445,42.5317055216938,26.3387640839286,59.0987861109961
26.6338386535645,29.3531044723923,13.2095727142004,45.6272550836562
54.4041519165039,28.7130609268039,12.2412142716828,45.0664306138956
58.4819374084473,65,NA,NA
58.058422088623,70,NA,NA
73.1363677978516,85,NA,NA
88.3894805908203,100,NA,NA
100.237251281738,120,NA,NA
105.631935119629,145,NA,NA
116.569938659668,140,NA,NA
97.3198165893555,135,NA,NA
109.933044433594,130,NA,NA
115.892967224121,130,NA,NA
108.540100097656,125,NA,NA
109.97875213623,130,NA,NA
91.9058380126953,135,NA,NA
108.416938781738,130,NA,NA
112.192474365234,125,NA,NA
114.95890045166,125,NA,NA
121.739128112793,125,NA,NA
119.489532470703,130,NA,NA
125.236968994141,130,NA,NA
135.251983642578,125,NA,NA
126.461814880371,120,NA,NA
124.118019104004,115,NA,NA
123.542427062988,110,NA,NA
115.626487731934,105,NA,NA
55.9541816711426,45,NA,NA
113.620948791504,105,NA,NA
68.8046112060547,50,NA,NA
121.232849121094,105,NA,NA
73.9780349731445,50,NA,NA
118.014007568359,110,NA,NA
51.6924514770508,55,NA,NA
114.057693481445,120,NA,NA
46.1278533935547,60,NA,NA
116.502113342285,120,NA,NA
43.1599998474121,75,NA,NA
122.240219116211,115,NA,NA
46.8817596435547,90,NA,NA
122.119453430176,110,NA,NA
42.8790054321289,75,NA,NA
135.018402099609,105,NA,NA
52.4064826965332,60,NA,NA
125.769744873047,100,NA,NA
47.6878433227539,55,NA,NA
104.278160095215,95,NA,NA
61.8342742919922,50,NA,NA
87.739387512207,85,NA,NA
55.2040176391602,40,NA,NA
67.2238311767578,80,NA,NA
53.6238975524902,40,NA,NA
57.3183479309082,70,NA,NA
58.5814170837402,45,NA,NA
58.6699104309082,70,NA,NA
73.8328170776367,45,NA,NA
61.8442764282227,70,NA,NA
81.0641784667969,55,NA,NA
64.3705139160156,65,NA,NA
64.3085556030273,55,NA,NA
67.3112640380859,60,NA,NA
67.2703018188477,55,NA,NA
57.1095848083496,55,NA,NA
51.5772857666016,50,NA,NA
48.8649711608887,50,NA,NA
57.8726119995117,50,NA,NA
66.3806762695312,50,NA,NA
65.6677856445312,50,NA,NA
56.4464340209961,50,NA,NA
52.7957916259766,60,NA,NA
59.1778945922852,70,NA,NA
67.6505966186523,75,NA,NA
65.5315017700195,85,NA,NA
80.7624664306641,95,NA,NA
88.7822723388672,105,NA,NA
85.9404907226562,115,NA,NA
97.647590637207,120,NA,NA
104.389335632324,110,NA,NA
94.3190460205078,95,NA,NA
86.9208297729492,85,NA,NA
85.7889251708984,75,NA,NA
71.3644104003906,70,NA,NA
58.6045837402344,65,NA,NA
57.033748626709,65,NA,NA
84.0555419921875,75,NA,NA
83.6246871948242,75,NA,NA
78.3753814697266,75,NA,NA
58.7843360900879,75,NA,NA
58.5097198486328,70,NA,NA
54.5516052246094,70,NA,NA
51.6271820068359,65,NA,NA
50.5619277954102,65,NA,NA
50.786491394043,65,NA,NA
51.450267791748,65,NA,NA
48.6547203063965,65,NA,NA
50.7336082458496,60,NA,NA
50.6343269348145,55,NA,NA
52.6523895263672,55,NA,NA
51.3245429992676,50,NA,NA
48.5367202758789,50,NA,NA
60.790599822998,60,NA,NA
62.7304344177246,60,NA,NA
58.1431579589844,60,NA,NA
57.0626335144043,60,NA,NA
56.2918319702148,65,NA,NA
55.9379768371582,80,NA,NA
89.6578140258789,90,NA,NA
62.7074661254883,100,NA,NA
57.4960632324219,95,NA,NA
40.8949737548828,65,NA,NA
43.8316802978516,60,NA,NA
50.6984672546387,55,NA,NA
60.5442161560059,50,NA,NA
40.3548316955566,35,NA,NA
38.2080383300781,45,NA,NA
52.2949600219727,55,NA,NA
61.6653366088867,65,NA,NA
80.6316223144531,75,NA,NA
94.313102722168,90,NA,NA
104.828773498535,120,NA,NA
89.9559783935547,135,NA,NA
83.6347579956055,135,NA,NA
48.1125564575195,125,NA,NA
91.3724822998047,120,NA,NA
74.4338073730469,115,NA,NA
74.8871765136719,110,NA,NA
95.2236328125,105,NA,NA
75.7045288085938,100,NA,NA
76.4699783325195,95,NA,NA
62.7156448364258,85,NA,NA
60.1730194091797,75,NA,NA
50.6119537353516,65,NA,NA
60.213565826416,55,NA,NA
38.2312316894531,50,NA,NA
45.9959259033203,45,NA,NA
54.1166915893555,35,NA,NA
47.149471282959,30,NA,NA
60.1475,40,NA,NA
37.40351,35,NA,NA
41.2557,30,NA,NA
39.23629,25,NA,NA
36.46201,20,NA,NA
68.86871,45,NA,NA
66.18084,55,NA,NA
64.04756,70,NA,NA
87.80841,75,NA,NA
80.09932,85,NA,NA
80.66638,105,NA,NA
91.46928,130,NA,NA
89.15688,125,NA,NA
98.14777,110,NA,NA
105.0942,95,NA,NA
105.2779,85,NA,NA
102.6065,80,NA,NA
80.33034,80,NA,NA
69.47597,70,NA,NA
61.36008,60,NA,NA
55.96361,50,NA,NA
47.18569,40,NA,NA
46.84053,35,NA,NA
38.96685,30,NA,NA
32.71896,30,NA,NA
28.22057,30,NA,NA
26.28684,30,NA,NA
22.97782,25,NA,NA
21.1093,25,NA,NA
40.25973,62.6569538066941,46.2023356665771,78.8417344621763
37.34766,66.0712768404257,49.6417530517117,82.4201298815637
43.61797,70.2493672571639,53.7641542610579,86.6649075726696
47.67757,72.3854097871529,56.001222512472,88.8563685133868
45.09201,64.7337090834523,48.5025246622611,81.1767746366831
43.0188,64.7194375649688,48.5162991129907,81.0684954008814
42.72672,67.0642179715553,50.6121803342403,83.6291787727996
36.39758,62.701614576594,46.2968501223863,79.0254230274872
48.79972,40,NA,NA
39.02894,56.3442989718025,39.9819071936154,72.7918201087446
44.69698,35,NA,NA
40.42516,59.9946278005543,43.6576579852071,76.3170898358246
59.7707,30,NA,NA
45.31186,63.7115965319081,47.3749316158467,80.1198849295498
50.88015,25,NA,NA
43.02424,61.3257959982815,45.1476331089541,77.5698103221205
49.54257,25,NA,NA
42.31055,58.4711808601615,42.3791172446805,74.6321235034875
48.28757,20,NA,NA
41.4982,55.2655651276059,38.9841854260522,71.6585451634141
39.24281,54.3766024491478,38.1010022129667,70.7796321305339
37.80892,52.8546857630442,36.7476442674051,69.2823710654358
36.1368,48.2952837774889,31.911714574508,64.7003548274816
30.15625,40.7455773620388,24.4346359940027,57.1491378642792
27.39398,39.9043635218273,23.6434047595289,56.3107790982459
27.60334,34.4322948471022,18.0954492708112,50.6140073584839
25.35139,29.0407680447614,12.8023649128263,45.2911657840852
23.53764,25.1742186886967,8.6937411682417,41.5763810074937
26.99111,27.337236336011,11.2511847084222,43.7576418691956
26.07727,24.4646784775079,8.19899998795945,40.8567403164794
25.1994,22.6913025379617,6.2932054722549,38.9672310971608
23.65811,21.7784447306187,5.44066048184126,38.2577359680115
23.53486,18.2860989216212,1.95339118291539,34.6444376852185
22.85914,18.2257666142137,1.64347231712083,34.5336969524486
30.73259,30,NA,NA
55.92592,25,NA,NA
49.40005,46.8462926050219,30.5094928615829,63.1736257415279
45.65084,54.5166676128128,38.1224210248,70.793765443308
46.8958,50.6563180253627,34.3674794222564,66.9121085356416
32.4007,45.6213491799805,29.3062305890531,61.9500700348311
34.94471,41.0886227991206,24.7669602039831,57.2511606542169
33.11834,55,NA,NA
38.06208,43.1963155885853,27.0459443985636,59.5887848132652
89.20131,60,NA,NA
33.02642,37.3520750107483,20.9074734230258,53.5851373024795
70.35652,65,NA,NA
36.50468,41.1809923246661,24.812374809862,57.5886164343779
57.47817,65,NA,NA
35.58335,40.192776445995,23.6441341122275,56.4963346870799
59.37347,60,NA,NA
37.02094,42.0786836512336,25.8082558183038,58.0875174510967
48.87833,55,NA,NA
35.1516,42.0704209931337,25.5728789494596,58.1941975484445
46.10658,45,NA,NA
34.0638,43.4397104406486,27.1788709600188,59.7024479566292
35.28957,40,NA,NA
30.45231,35,NA,NA
37.72438,30,NA,NA
36.20919,25,NA,NA
26.20806,25,NA,NA
24.05798,25,NA,NA
18.7179,25,NA,NA
26.50926,37.0878992195017,20.7246007325474,53.1061356515151
25.7395,38.8146282653534,22.4628502116646,54.7658726990578
30.77916,40.5869163925902,24.3380951378833,56.7054607102778
30.70855,41.2016678238175,24.8562161546364,57.638052060797
31.94027,41.3525463242936,25.0928476863694,57.4333309059887
27.75756,40.420596382864,24.1337830799344,56.9737045138047
28.01369,37.0494160397991,20.9284710488909,53.2699622457298
27.79615,40.5244758976347,24.2736313051867,56.4470220057222
48.48417,60,NA,NA
40.91024,65,NA,NA
56.52399,70,NA,NA
61.90446,75,NA,NA
74.08694,85,NA,NA
77.98071,95,NA,NA
79.99047,95,NA,NA
31.26324,35.769936101154,19.3943744409976,52.1750063869901
77.50272,100,NA,NA
37.95165,39.6687760644658,23.5082370422546,55.8830701176861
108.4752,100,NA,NA
36.38716,41.0074179548689,24.5144323525275,57.3405512676134
98.74934,100,NA,NA
32.73691,39.1127594195871,22.7531009566821,55.4504162231879
98.11109,110,NA,NA
31.78563,37.658526079575,21.0525757115911,53.8828059823843
90.64827,115,NA,NA
32.22476,37.0359367116039,20.7751472865169,53.3694976192863
88.40818,120,NA,NA
36.56635,41.081485382557,24.7171163138885,57.6789407743333
88.82201,115,NA,NA
33.85026,50,NA,NA
48.70824,46.7235480995919,30.5977663386751,62.8881700705355
91.72936,110,NA,NA
55.3761,50,NA,NA
52.17477,54.1225474469082,37.6327141681335,70.5122344022117
85.76872,110,NA,NA
74.49261,50,NA,NA
60.38785,56.8810039668364,40.3764124862363,73.3682457871016
97.56557,95,NA,NA
76.85664,55,NA,NA
75.24973,66.2022531978313,50.0950149855538,82.4359681127953
80.37816,95,NA,NA
78.24313,60,NA,NA
70.97321,68.1232316815482,51.8113250856412,84.5481717804304
78.39358,85,NA,NA
62.11767,65,NA,NA
69.9679,71.2742443776347,54.933480195536,87.5693146191368
75.03926,75,NA,NA
63.38929,70,NA,NA
68.89056,72.5563478833286,56.1469664137991,88.73422413059
63.14639,80,NA,NA
68.75776,75,NA,NA
75.13929,76.1099519958574,59.5912988804998,92.4360686937778
61.64639,85,NA,NA
63.75499,80,NA,NA
75.08722,79.7957270397172,63.6265207089869,96.1502090135619
62.76725,80,NA,NA
67.47468,85,NA,NA
108.2713,93.7102139256614,77.1117058249897,110.292172471228
61.77939,75,NA,NA
63.3057,90,NA,NA
111.8734,92.6512294452144,76.194882970339,108.850019185074
62.18644,70,NA,NA
60.35367,95,NA,NA
123.9994,94.7236869196902,78.2746516225418,111.320087142806
65.54591,70,NA,NA
53.73574,100,NA,NA
70.57935,60,NA,NA
61.0307,105,NA,NA
65.37469,50,NA,NA
63.56851,100,NA,NA
38.72694,40,NA,NA
62.64666,95,NA,NA
36.52436,35,NA,NA
66.59336,90,NA,NA
32.46836,30,NA,NA
69.34776,85,NA,NA
69.38181,85,NA,NA
44.90505,25,NA,NA
72.28712,85,NA,NA
28.63964,25,NA,NA
69.71445,80,NA,NA
25.97051,20,NA,NA
61.66565,80,NA,NA
62.99197,80,NA,NA
65.14465,80,NA,NA
63.98838,75,NA,NA
58.11428,70,NA,NA
56.24044,65,NA,NA
57.77167,65,NA,NA
54.93466,60,NA,NA
64.81686,60,NA,NA
61.59078,55,NA,NA
67.17899,55,NA,NA
61.41894,60,NA,NA
64.4847,65,NA,NA
64.59977,65,NA,NA
70.14861,70,NA,NA
63.62858,65,NA,NA
38.65112,45,NA,NA
51.27343,60,NA,NA
74.06377,50,NA,NA
43.61252,55,NA,NA
62.26423,60,NA,NA
39.97659,50,NA,NA
58.06397,65,NA,NA
34.98061,45,NA,NA
59.18072,60,NA,NA
30.48447,40,NA,NA
57.82859,55,NA,NA
33.619,30,NA,NA
58.19349,50,NA,NA
30.97569,30,NA,NA
73.48854,45,NA,NA
30.88429,30,NA,NA
55.17929,40,NA,NA
29.29813,30,NA,NA
52.80704,40,NA,NA
46.33056,40,NA,NA
45.60276,40,NA,NA
40.36745,40,NA,NA
39.1247,40,NA,NA
35.82671,40,NA,NA
42.16787,40,NA,NA
38.62574,35,NA,NA
36.87922,35,NA,NA
40.05136,40,NA,NA
45.81654,45,NA,NA
41.21947,50,NA,NA
36.72031,40,NA,NA
46.2812,50,NA,NA
39.60527,45,NA,NA
52.89254,45,NA,NA
43.62713,45,NA,NA
44.37914,45,NA,NA
47.54163,45,NA,NA
45.08793,45,NA,NA
55.66168,45,NA,NA
50.8088,45,NA,NA
52.80586,45,NA,NA
52.05317,50,NA,NA
48.70036,50,NA,NA
47.57964,50,NA,NA
50.47272,55,NA,NA
46.43998,50,NA,NA
51.52391,55,NA,NA
51.20214,50,NA,NA
50.87611,60,NA,NA
51.52068,50,NA,NA
57.88789,65,NA,NA
43.00518,55,NA,NA
56.9374,65,NA,NA
40.21862,55,NA,NA
55.48999,60,NA,NA
45.28852,55,NA,NA
51.51025,55,NA,NA
48.29606,60,NA,NA
49.00692,55,NA,NA
45.47762,65,NA,NA
46.78665,50,NA,NA
41.66144,70,NA,NA
41.81371,45,NA,NA
46.74388,60,NA,NA
44.01624,75,NA,NA
40.68142,40,NA,NA
61.99803,65,NA,NA
45.75209,75,NA,NA
38.96243,35,NA,NA
81.02989,75,NA,NA
48.1587,70,NA,NA
37.25207,35,NA,NA
91.77333,80,NA,NA
53.9245,65,NA,NA
33.01048,30,NA,NA
100.026,90,NA,NA
65.1134,60,NA,NA
31.91248,30,NA,NA
100.8856,115,NA,NA
59.07476,55,NA,NA
30.07625,30,NA,NA
113.9896,130,NA,NA
59.09838,45,NA,NA
31.92173,30,NA,NA
107.2503,140,NA,NA
45.82889,40,NA,NA
121.7023,135,NA,NA
35.2518,35,NA,NA
118.4358,130,NA,NA
33.58833,30,NA,NA
116.2968,125,NA,NA
32.66683,30,NA,NA
107.5164,115,NA,NA
30.98424,30,NA,NA
97.42116,100,NA,NA
27.71861,30,NA,NA
89.78252,90,NA,NA
29.03811,30,NA,NA
82.94071,85,NA,NA
28.65538,25,NA,NA
77.85388,85,NA,NA
31.45975,25,NA,NA
63.83381,80,NA,NA
61.04363,75,NA,NA
56.48513,65,NA,NA
29.43106,25,NA,NA
55.03109,55,NA,NA
26.9857,20,NA,NA
50.96622,50,NA,NA
48.86998,45,NA,NA
46.72215,40,NA,NA
41.63572,35,NA,NA
38.40035,35,NA,NA
35.62855,35,NA,NA
36.37719,30,NA,NA
35.75519,30,NA,NA
34.84932,25,NA,NA
31.68914,25,NA,NA
59.78652,62.3993500066423,46.0149632801609,78.8697701658404
55.01054,64.881653033315,48.5788280233733,80.994753613387
59.23777,65.4294341044546,48.951288589188,81.7761704729577
69.08325,70.1855109339746,53.8318328110303,86.5234681383515
86.01492,76.3076827558952,60.0415147146264,92.5886948777819
81.04486,75.2380544775424,59.1788111507789,91.4528589140023
72.57255,70.4718678732924,54.2732275160748,86.452776295347
66.92344,68.990255132811,52.8885576601413,85.2475559251059
86.95799,74.9988733444649,58.6655565844179,91.2356406819952
86.23727,68.3193604961679,52.1280982952107,84.3387519574329
71.61813,59.8907658073024,43.5240545292763,76.28850803669
71.51168,59.6319231237162,43.0496874526143,76.0377529990481
77.19129,65.4849845044852,49.1755862089554,81.8892636862724
72.15237,64.737961689596,48.2805417742381,81.1666652186865
62.31056,59.1305122514531,42.9137348268708,75.3574375036809
54.16883,52.7529090165505,36.3454881439522,69.2100639048665
52.43705,47.4459784925936,31.2323746550996,63.616120749023
47.43827,45.7335743793551,29.3405829123435,61.9493884926228
39.58431,37.5562358474967,21.4228282843038,53.90194998395
34.22765,31.6817473760147,14.8808363866679,47.8865301995914
34.19996,24.0962479393126,7.63467463667733,40.6830667453966
25.2462,18.8989899349071,2.57398174818494,35.4648376144024
25.89131,14.9108988013471,-1.15716468621115,31.0738952821046
48.01811,45,NA,NA
56.21546,45,NA,NA
48.05353,50,NA,NA
51.4601,50,NA,NA
60.92258,50,NA,NA
64.97028,55,NA,NA
36.77202,30,NA,NA
69.82123,55,NA,NA
58.44656,60,NA,NA
36.39759,30,NA,NA
68.56925,65,NA,NA
28.98177,30,NA,NA
76.44152,80,NA,NA
31.45384,30,NA,NA
79.68352,95,NA,NA
29.69506,30,NA,NA
83.43514,120,NA,NA
30.47309,30,NA,NA
81.92336,115,NA,NA
35.36766,30,NA,NA
81.44972,110,NA,NA
36.89057,30,NA,NA
86.95957,110,NA,NA
35.1737,30,NA,NA
102.917,105,NA,NA
32.75648,30,NA,NA
87.5632,90,NA,NA
54.08172,30,NA,NA
88.30804,80,NA,NA
80.40483,70,NA,NA
90.66154,60,NA,NA
72.76968,55,NA,NA
66.97284,50,NA,NA
61.31655,45,NA,NA
51.46213,40,NA,NA
55.13751,35,NA,NA
55.35905,73.5879900789987,57.0927137371185,89.8338810501743
44.74787,30,NA,NA
64.87718,80.8297606961308,64.2417468216851,97.0484873409461
34.46446,25,NA,NA
76.34986,90.5282810410776,74.1675513313214,106.687323452523
78.5083,92.0651258465852,75.8578294557558,108.398035520414
71.0413,88.505269163847,72.0491667305839,104.981662758729
66.23324,82.929183898381,66.5155709405143,99.0939295976924
61.64697,85.9166840802638,69.481405057719,102.463275951856
61.04343,85.2376040387334,68.8939651335013,101.664432479864
67.17345,85.7438005455351,69.497651630013,102.247381822138
84.09834,93.0785373532729,76.8594018636236,109.515046357378
58.89083,79.7173107076802,63.4052400750179,96.011520400216
59.98552,73.025483456667,56.8838032976597,89.2448098367266
51.23274,66.1749672833894,49.7278729570548,82.39505892799
49.79448,63.0546780816974,46.9022791886102,79.2427763878032
37.94027,58.4374435113587,42.1313178589368,74.6805818515512
40.53404,54.9683875502058,38.3061728400406,71.4944306791854
33.77368,48.9927048456693,32.6605854224066,65.2509747416779
29.57418,43.9609140116124,27.7061455023851,60.5125648532862
24.05811,38.8803404468765,22.7000644479489,55.295831019152
27.19555,38.728852980102,22.2014132912883,55.0930137792023
28.41366,39.8140450544515,23.3396347334435,56.0851087981142
27.75273,40.2637995150777,24.0173233400495,56.7973689125614
25.17136,38.7662984309721,22.4306106969885,55.2633721714115
21.62731,34.3323984688528,18.0092639381364,50.6261241864109
22.98254,33.3388887842507,17.0853028221447,49.5282746817574
36.61162,45,NA,NA
33.53471,45,NA,NA
34.68378,45,NA,NA
48.69651,45,NA,NA
54.77615,50,NA,NA
44.8961,55,NA,NA
75.57252,55,NA,NA
70.18838,55,NA,NA
73.09113,65,NA,NA
67.78307,75,NA,NA
79.58426,75,NA,NA
72.40097,75,NA,NA
74.50961,70,NA,NA
65.76665,65,NA,NA
62.03059,60,NA,NA
49.15062,55,NA,NA
45.91822,50,NA,NA
36.70615,45,NA,NA
37.95275,35,NA,NA
31.12256,30,NA,NA
32.38572,30,NA,NA
27.52823,25,NA,NA
22.99098,25,NA,NA
18.74363,25,NA,NA
38.90218,88.4303372002584,72.2745749463103,104.814345902639
84.30317,98.4607978735114,82.1515967591952,114.835548600049
60.04756,89.1915994282967,72.8967195344262,105.420889755538
69.45438,85.3689289974494,69.2433126429626,101.698290449401
64.42164,86.7544938828063,70.6248769245342,103.077253330882
63.70462,87.2601504773909,70.8288471619561,103.534809457922
66.38113,90.6272000924057,74.2595988079677,106.811156690262
73.73796,90.0405196334838,73.6514774358445,106.223603234234
102.2015,99.7696212468525,83.5239970792819,116.151974158695
103.0636,98.7985856636825,82.3417452443789,115.0366032957
92.16457,86.3907323857837,69.9134771679219,102.720761423681
92.22205,84.019489660192,67.7556225134228,100.451645046637
77.43977,70.3824982002414,53.8060567222352,86.5726253362853
55.48079,55.3013938702861,38.9168113075161,71.5442237714026
49.45608,27.8501145189949,11.4350489267983,44.3442309842703
51.92946,24.3056869116704,8.05091236854389,40.5611799200789
45.08939,20.1622037023871,3.794486901825,36.2980735938403
36.14805,13.1540706056231,-2.70454951095744,29.4289475762542
38.97085,6.73037608391827,-9.4582289800981,22.7999840032397
33.66277,4.84033567920407,-11.3976715797518,21.0259842899009
34.96218,0.399517684484629,-16.1023102751495,16.3471516318649
35.16691,3.06839309655212,-13.4436502800342,19.4476258001244
36.12398,0.0991963051116506,-16.3129577822076,16.455136727364
39.67704,3.44792018613503,-12.831815731741,20.0286500428849
34.35571,5.61534044502074,-10.9232566366971,22.0442121466826
24.44845,-1.60797230767527,-17.856568588544,14.406877876032
30.77514,30,NA,NA
26.83765,25,NA,NA
57.58462,40,NA,NA
82.85984,35,NA,NA
72.45152,35,NA,NA
68.63321,40,NA,NA
64.64421,45,NA,NA
60.85958,55,NA,NA
58.44062,65,NA,NA
71.06367,75,NA,NA
76.21284,90,NA,NA
83.36799,90,NA,NA
98.73603,90,NA,NA
86.95787,95,NA,NA
74.32442,95,NA,NA
60.03901,90,NA,NA
47.37539,85,NA,NA
34.40857,60,NA,NA
36.78776,40,NA,NA
37.33396,30,NA,NA
56.68837,60,NA,NA
53.4755,60,NA,NA
61.00147,65,NA,NA
65.06043,75,NA,NA
79.05218,80,NA,NA
86.7167,85,NA,NA
77.699,95,NA,NA
76.83939,100,NA,NA
85.92155,100,NA,NA
74.51778,100,NA,NA
45.59851,45,NA,NA
49.2856,45,NA,NA
51.14611,55,NA,NA
56.64677,65,NA,NA
62.92245,75,NA,NA
70.77661,90,NA,NA
85.45273,115,NA,NA
102.4255,125,NA,NA
82.35562,120,NA,NA
87.84283,110,NA,NA
96.29575,95,NA,NA
113.7818,85,NA,NA
95.03968,85,NA,NA
88.23181,85,NA,NA
80.87591,80,NA,NA
89.80533,90,NA,NA
87.93518,100,NA,NA
89.12548,115,NA,NA
83.76325,105,NA,NA
70.24037,105,NA,NA
77.91222,95,NA,NA
81.19476,85,NA,NA
65.37507,60,NA,NA
31.77459,40,NA,NA
35.44399,40,NA,NA
39.02095,35,NA,NA
37.10558,35,NA,NA
36.54789,30,NA,NA
35.54769,30,NA,NA
33.30469,30,NA,NA
30.83064,30,NA,NA
27.41992,30,NA,NA
25.00018,25,NA,NA
39.66465,50,NA,NA
42.35008,55,NA,NA
51.40914,60,NA,NA
49.61714,65,NA,NA
44.50612,35,NA,NA
52.86823,70,NA,NA
46.91245,35,NA,NA
57.97447,70,NA,NA
41.34104,35,NA,NA
59.7772,75,NA,NA
39.47396,40,NA,NA
72.29761,75,NA,NA
40.57144,40,NA,NA
81.53887,80,NA,NA
44.17163,45,NA,NA
78.45564,95,NA,NA
42.03467,45,NA,NA
87.2908,115,NA,NA
42.48099,45,NA,NA
73.08056,110,NA,NA
47.95993,40,NA,NA
83.66058,105,NA,NA
48.28823,35,NA,NA
89.35011,95,NA,NA
44.10834,35,NA,NA
87.41355,90,NA,NA
42.1331,35,NA,NA
95.67785,90,NA,NA
37.43207,35,NA,NA
91.65263,85,NA,NA
33.60582,35,NA,NA
72.06952,80,NA,NA
33.13586,35,NA,NA
69.01386,65,NA,NA
30.96555,35,NA,NA
66.0445,55,NA,NA
29.92849,30,NA,NA
56.5735,45,NA,NA
31.447,30,NA,NA
50.11775,45,NA,NA
30.98225,30,NA,NA
48.95996,40,NA,NA
27.66165,30,NA,NA
47.41386,35,NA,NA
27.79741,30,NA,NA
37.29246,35,NA,NA
28.56595,25,NA,NA
36.72889,30,NA,NA
26.29901,25,NA,NA
32.47788,30,NA,NA
29.1669,30,NA,NA
30.11685,30,NA,NA
29.7904,30,NA,NA
39.35419,30,NA,NA
27.88044,30,NA,NA
33.31993,25,NA,NA
26.16406,25,NA,NA
25.91766,20,NA,NA
24.79666,20,NA,NA
26.95863,20,NA,NA
30.93952,37.4232210735425,21.3702167897091,53.6243532697916
32.40468,37.1101448001527,20.735145166538,53.3907730378313
30.73293,36.2528157292368,19.5473818317327,52.5580836755553
32.16861,36.4419311689183,20.0364138507397,53.0146336806655
29.69124,34.7348229962701,18.3464555841808,50.9271203858347
30.21972,35.478285255469,19.3212690784333,51.7774566537469
27.81497,34.6225775130776,18.4988052474663,50.6574410699629
34.39003,36.3414207799518,20.0063587302407,52.2845771502604
30.95516,36.5657862648367,20.2571219313065,52.7831069308213
30.34834,38.4556215280155,21.9235040971697,54.8630631199828
63.60061,48.6224207888861,32.4269191017139,64.9491852103979
32.12533,34.599442641074,17.816123264066,50.9778969619909
70.13559,53.9150784026177,37.3909416616868,70.4485882360363
69.83086,51.5765642602481,35.4276553899209,68.1108976296772
73.86539,52.7818870454642,36.4117544841752,69.1069886032057
81.66216,63.4063123119266,47.0055437473356,79.8422770896721
98.89764,78.1718031398884,61.7083521015222,94.4789797071527
101.6855,91.0807484352359,74.6694276924555,107.635627722852
103.0403,89.5467922446977,73.0371608237116,105.769683331374
102.0446,94.2164407013936,78.0458266486522,110.516719561378
98.38997,93.2307469357147,76.7977088492867,109.464822905324
69.17709,82.9602606346085,66.4647601900359,99.2701850229373
68.1869,68.0373002391886,51.6961323762716,84.7102688122883
72.95372,66.9654229083443,50.5496050362703,83.1838583396543
45.49474,61.6855457944772,45.3948547112726,78.0897600872423
51.57967,63.7880063280849,47.4688549551958,79.9597390674054
52.51972,55.058197077065,38.8742577764608,71.2656276268159
50.19452,55.9877853547511,39.5635091591997,72.4188612694087
45.66608,54.9035256317129,38.4410357727748,71.2272544608026
48.68393,49.9764375286539,33.4805885780446,66.1387994540274
62.34299,52.1982500017043,36.1564492782418,68.6676706161761
46.14735,47.6124641864958,31.1831416331275,63.6940464643904
42.78299,48.1483317319551,31.8947589664569,64.5226028723772
48.38423,46.6226411985931,29.8672618731745,63.0400560079574
41.19444,44.1435773634764,27.6479679671953,60.3126731722674
42.45547,39.6817080750212,23.3908156565048,56.1796501293144
44.68222,39.0126927729588,22.7028334350893,55.306032748882
49.62226,34.2898700832982,17.8234317673289,50.9564270865349
38.30449,35.3783978859407,19.0513982911625,51.9512514016461
45.85705,33.1960857166803,16.8056504172016,49.7864805469793
43.99538,50,NA,NA
34.36651,30.1125972621816,13.9438410743016,46.4164858196393
38.16306,55,NA,NA
40.14412,28.563028096782,12.2070451334562,44.9243624292714
55.77127,60,NA,NA
37.47935,30.3406811670088,13.9582479136007,46.3547777230343
75.226,75,NA,NA
33.33829,21.289370602295,4.90007691385149,37.873464938457
75.62475,100,NA,NA
32.19596,23.7467367524718,7.51912456693048,39.9520663384462
67.35809,100,NA,NA
72.21556,110,NA,NA
92.56094,125,NA,NA
104.5549,120,NA,NA
85.23735,115,NA,NA
79.91663,100,NA,NA
100.015,95,NA,NA
110.0531,90,NA,NA
94.47139,85,NA,NA
69.35377,85,NA,NA
60.75512,80,NA,NA
69.29847,80,NA,NA
48.78469,80,NA,NA
63.86868,75,NA,NA
48.09239,65,NA,NA
41.58602,55,NA,NA
38.36508,30,NA,NA
33.57376,30,NA,NA
31.5218,30,NA,NA
32.48737,30,NA,NA
22.72426,25,NA,NA
20.22559,25,NA,NA
17.89936,25,NA,NA
19.53307,20,NA,NA
18.69952,20,NA,NA
35.57262,40,NA,NA
31.194,45,NA,NA
32.1404,50,NA,NA
52.99952,55,NA,NA
81.74292,65,NA,NA
75.39493,75,NA,NA
74.66939,80,NA,NA
71.11552,80,NA,NA
49.8536,71.4945024091993,55.1273372011042,87.957814154536
71.73032,80,NA,NA
50.03772,70.0038343264604,53.6981192757163,86.2067742055956
58.169,80,NA,NA
50.09303,70.0234654420651,53.5652849773337,86.4119218787952
74.16886,80,NA,NA
62.5565,75.5558517075814,59.2308532279416,91.9874514495983
68.80107,80,NA,NA
71.2314,81.3267506787975,64.8070227919334,97.6887212251944
70.13235,80,NA,NA
89.3892,93.575644126356,77.1340804471044,109.749508664282
87.43951,80,NA,NA
92.88988,93.7532993851388,77.5737748690263,110.097273690231
89.32126,100,NA,NA
94.97305,94.1892237895738,77.8992230069298,110.457992467494
78.87409,120,NA,NA
105.763,100.435265277398,84.1342789442179,116.930804530897
86.67186,120,NA,NA
114.9743,102.919213321846,86.6602099537384,119.405875877232
100.6202,125,NA,NA
127.1972,108.701756666028,92.3814829753362,124.889979109991
105.6739,115,NA,NA
129.6954,109.893836568783,93.4787136516328,126.021692140169
105.008,105,NA,NA
112.4369,100.397048972599,84.1886670336345,116.854340838502
106.8842,100,NA,NA
112.0938,100.75891917171,84.4358011584412,117.117222335011
108.1794,100,NA,NA
112.3362,100.755453357163,84.5914012361576,117.012696943636
104.1363,90,NA,NA
115.6776,102.72977996118,86.5320355377164,119.053632777562
84.37845,90,NA,NA
119.2216,106.183208230478,89.8784379718038,122.558392485358
88.01627,85,NA,NA
127.8263,110.787435711118,94.4346514261244,127.068791168601
73.29693,80,NA,NA
118.7074,107.492582540659,91.2237267634667,124.107511258202
70.57042,75,NA,NA
113.3132,101.036669849852,84.9013658942108,117.355288157851
75.33534,65,NA,NA
110.5613,99.0336647704895,82.7135409776179,115.254380527117
88.68999,60,NA,NA
100.5565,96.6568156345379,80.2140362768708,113.064727182025
42.06443,35,NA,NA
75.48533,60,NA,NA
100.1167,95.9029535004669,79.4103218639675,112.163546239483
37.11104,35,NA,NA
74.87054,60,NA,NA
99.26511,95.6375787328999,79.2379539108616,112.2856351286
69.89574,65,NA,NA
98.8289,93.9495092845682,77.4904072093378,110.326152933436
63.61801,65,NA,NA
88.24175,89.8365750537099,73.4823994790742,105.971628259248
39.51135,40,NA,NA
52.22964,65,NA,NA
86.63623,91.3274337428423,74.8608618703904,107.909822075017
43.42393,45,NA,NA
57.84755,65,NA,NA
85.62876,90.2876898399121,73.9683785545832,106.604366726784
34.95998,45,NA,NA
56.48359,60,NA,NA
81.53761,87.6617696623071,71.3436180852354,103.834777481428
34.91974,50,NA,NA
53.21691,60,NA,NA
74.27723,81.1802049606935,64.7944858664945,97.5973104140403
37.87399,45,NA,NA
54.3078,60,NA,NA
78.31579,82.7801203100197,66.3886817757945,99.1253897058289
40.01239,45,NA,NA
66.25584,60,NA,NA
78.32881,81.9427544524752,65.6119645479553,98.3730405289713
36.02307,45,NA,NA
63.30092,60,NA,NA
67.15247,76.0792292349826,59.9121010392057,92.4984637110059
33.69784,40,NA,NA
63.05935,55,NA,NA
66.32901,76.1501249521213,59.8201689809648,92.5359340667646
36.38914,35,NA,NA
54.43564,55,NA,NA
67.64288,71.8810926727388,55.5623790769969,88.1759393004524
29.78052,30,NA,NA
54.66383,55,NA,NA
70.87879,70.7986643757265,54.4762167836555,87.4672283999448
30.32045,25,NA,NA
50.93142,55,NA,NA
65.93567,64.0756178876492,47.8277968279234,80.313985084087
30.61363,20,NA,NA
44.96293,55,NA,NA
66.35461,61.0292773005106,44.3891282164371,77.4091950232102
23.56158,15,NA,NA
66.0085,58.6113126489926,42.2609626256072,74.9860175114074
19.47504,15,NA,NA
64.62875,56.290398895332,40.245197157058,72.7709370974045
53.08417,49.4680971610733,33.0651892128355,65.6389616356969
50.62092,45.667441358714,29.2912986530446,62.0048703387187
53.28929,60,NA,NA
49.58633,46.1259399739409,29.5684100337659,62.6226205573808
61.44235,75,NA,NA
46.10455,43.6953293694873,27.3744958285641,60.1236579312961
60.78907,85,NA,NA
45.80602,44.3204390668409,27.9290264630337,60.6655143213245
76.54951,85,NA,NA
45.1003,40.6991464722267,24.3589836483857,56.7239259788107
89.57984,85,NA,NA
48.78033,39.8214206726985,23.5850867092138,56.2442850416516
76.56268,90,NA,NA
43.79636,38.1027930655158,21.8898947250524,54.4482745153312
66.13007,110,NA,NA
41.94719,38.3113282893188,21.9646040876528,54.8564392673819
64.83676,110,NA,NA
39.15454,36.143611813313,19.5595356100854,52.237341043739
65.44325,105,NA,NA
37.46417,33.7993749135089,17.4460519058788,50.1821191774626
58.53009,90,NA,NA
35.55634,31.1999265978983,14.7709502339849,47.6957151597842
62.51426,75,NA,NA
30.58912,28.9466459628345,12.8593875465526,45.1101855105943
61.59698,60,NA,NA
31.62458,25.3892038531547,9.20100697069006,41.6282514690612
53.95839,55,NA,NA
51.21437,45,NA,NA
39.06627,35,NA,NA
34.4383,30,NA,NA
29.52577,30,NA,NA
28.67974,30,NA,NA
23.68225,30,NA,NA
23.7208,25,NA,NA
48.33501,44.4028752262068,27.9547132306277,60.8374106831511
58.9304,47.8859641587064,31.5186432201318,64.1179065357221
66.64848,54.7272986384045,38.3271173506243,71.0192487967026
62.31365,55.0679663495045,38.8032826522523,71.1730573499853
61.17686,53.8044774188626,37.4732721032281,69.9312013401395
69.1278,57.8107058616994,41.4979744254101,74.0482106171764
65.25352,62.2762791893708,45.6529844966086,78.6610381564175
64.33753,56.8602696200482,40.4385031503038,72.9720903420158
53.40409,60.6414600367771,44.2246612796709,76.9421809374484
30.56075,36.2477016714798,20.069439300251,52.5138330795671
23.62518,41.52680306332,25.195801623915,57.9912760468025
30.90174,55.7127606681477,39.2716939549858,72.170142888938
29.69645,55.3991666511466,39.0552977928022,71.5605162612995
31.48018,57.8686673717184,41.5260023976047,74.1010085784897
39.82802,63.4222444189159,47.1227336405057,79.7135121939056
40.49991,64.6120238554906,48.2000298703171,81.0269197184099
45.58793,66.2784565967249,49.9854796821808,82.3679148847485
39.2468,68.4209676210039,51.9303193627012,84.8025411507812
39.84151,71.5555292757249,55.4544206401074,87.7551612733079
38.65123,66.4435043101428,50.3073681966659,82.8225502283657
35.87978,61.3323980137413,45.0879406196407,77.9136774665996
35.42135,63.1186231057489,47.0443113378201,79.2525126148539
38.3703,63.8390721987542,47.6627022493285,80.0106850903624
49.82959,64.731864759186,48.3430163833631,81.3697910089288
40.53294,62.2282347339057,45.8137699164885,78.7930628277051
37.4306,62.0154492783685,45.3561317251914,78.3904192561613
39.83885,58.5660551982601,42.157561267918,74.7979297559925
42.78269,61.5530194442497,45.1794337425053,78.0344251238907
35.28579,59.5538932264475,43.209262502092,75.5337076987246
29.66554,57.8598166777083,41.2443556031834,74.0132716711903
29.97626,57.7529390369707,41.3896894303435,74.0190146742434
31.28708,54.8951413461871,38.7192073642455,71.3689568358231
27.84923,54.5404974051707,38.3529560279607,71.156307925039
38.19308,30,NA,NA
36.73226,30,NA,NA
38.94508,30,NA,NA
38.4973,30,NA,NA
35.02442,35,NA,NA
50.59198,45,NA,NA
52.27621,50,NA,NA
51.23648,50,NA,NA
51.04202,55,NA,NA
62.43382,65,NA,NA
65.97775,70,NA,NA
73.18421,75,NA,NA
68.71187,85,NA,NA
67.23763,95,NA,NA
71.23122,105,NA,NA
80.21373,115,NA,NA
80.04216,115,NA,NA
82.41825,130,NA,NA
88.71141,130,NA,NA
103.3512,130,NA,NA
104.97,125,NA,NA
122.3899,115,NA,NA
121.8091,105,NA,NA
45.92345,40,NA,NA
115.3531,105,NA,NA
108.503,105,NA,NA
40.65895,60,NA,NA
112.035,105,NA,NA
38.93052,75,NA,NA
98.0868,100,NA,NA
105.2419,95,NA,NA
95.29882,100,NA,NA
109.7955,150,NA,NA
104.2024,105,NA,NA
117.9714,180,NA,NA
97.43317,105,NA,NA
114.8976,185,NA,NA
97.57561,105,NA,NA
120.7211,180,NA,NA
85.2288,105,NA,NA
97.3642,110,NA,NA
92.2295,105,NA,NA
42.95487,50,NA,NA
95.36829,105,NA,NA
33.06527,25,NA,NA
91.54099,95,NA,NA
102.0377,85,NA,NA
97.2646,80,NA,NA
98.34922,80,NA,NA
88.49966,80,NA,NA
41.99965,75,NA,NA
43.45802,65,NA,NA
59.43223,55,NA,NA
70.6431,50,NA,NA
47.43947,45,NA,NA
44.48453,45,NA,NA
36.45281,40,NA,NA
33.53096,35,NA,NA
32.36088,35,NA,NA
29.20544,30,NA,NA
29.46764,25,NA,NA
39.10075,35,NA,NA
35.2235,35,NA,NA
31.70045,35,NA,NA
28.76102,35,NA,NA
28.2362,35,NA,NA
35.54729,30,NA,NA
31.4957,30,NA,NA
31.60003,30,NA,NA
27.64564,30,NA,NA
22.20001,30,NA,NA
21.39336,25,NA,NA
22.36839,25,NA,NA
70.48328,95,NA,NA
73.33539,110,NA,NA
106.6172,130,NA,NA
120.1577,120,NA,NA
108.5023,115,NA,NA
79.45731,110,NA,NA
53.40989,95,NA,NA
59.95927,85,NA,NA
54.4595,75,NA,NA
49.6281,60,NA,NA
46.85211,40,NA,NA
32.67859,35,NA,NA
26.98382,30,NA,NA
31.04638,30,NA,NA
28.97576,30,NA,NA
20.58533,25,NA,NA
36.99033,30.2950687802575,13.9321988438506,46.8294520309179
33.83729,30.1154948233285,13.7441590580559,46.4108652251771
31.89011,33.9902399779112,17.7006310898072,50.3037241121819
30.20649,34.0848343386451,17.842511477692,50.1738601930535
38.32022,55,NA,NA
36.60091,40.4677475764556,24.1783500844025,56.7709516325684
47.74696,60,NA,NA
36.41154,44.2488240538868,27.8944345020323,60.8641629422092
53.47805,65,NA,NA
30.84834,40.4730353639694,23.86926508846,56.8036289126306
55.74006,70,NA,NA
27.53337,34.6186859951393,18.3041907460045,50.6738214955836
61.24394,75,NA,NA
29.51255,37.5702279681068,21.3997887991063,54.065798751429
75.63671,85,NA,NA
30.65119,31.4702499411646,15.3076242088978,47.6048892151552
86.64574,95,NA,NA
28.86959,31.349188464681,15.148149620222,47.6208818389177
87.72691,105,NA,NA
77.9207,120,NA,NA
92.57709,115,NA,NA
68.10639,110,NA,NA
113.9853,110,NA,NA
118.6958,110,NA,NA
113.1806,110,NA,NA
106.1291,105,NA,NA
98.44224,100,NA,NA
39.39073,30,NA,NA
84.79623,95,NA,NA
30.37078,30,NA,NA
77.21831,90,NA,NA
38.39552,30,NA,NA
73.34132,85,NA,NA
38.2476,35,NA,NA
75.06614,75,NA,NA
39.15133,40,NA,NA
69.50855,70,NA,NA
41.23473,40,NA,NA
67.65398,60,NA,NA
41.47412,40,NA,NA
59.62886,55,NA,NA
42.04341,45,NA,NA
50.82465,45,NA,NA
56.39688,45,NA,NA
49.26263,35,NA,NA
55.08089,50,NA,NA
38.03125,30,NA,NA
51.82878,50,NA,NA
33.65945,30,NA,NA
59.66107,60,NA,NA
28.45959,30,NA,NA
67.46049,65,NA,NA
27.00281,30,NA,NA
59.72915,70,NA,NA
27.36811,30,NA,NA
55.05238,75,NA,NA
62.95483,80,NA,NA
70.07325,85,NA,NA
62.61665,85,NA,NA
59.03721,85,NA,NA
56.8028,80,NA,NA
54.001,70,NA,NA
53.33692,45,NA,NA
53.4536,65,NA,NA
49.90886,55,NA,NA
54.34955,60,NA,NA
75.4308,60,NA,NA
49.90885,55,NA,NA
89.35027,60,NA,NA
47.03691,50,NA,NA
91.03308,65,NA,NA
45.28272,45,NA,NA
73.87669,70,NA,NA
44.80498,45,NA,NA
69.77789,70,NA,NA
45.37842,45,NA,NA
77.63788,70,NA,NA
41.59826,45,NA,NA
87.45019,75,NA,NA
38.46584,45,NA,NA
87.71188,80,NA,NA
38.64293,40,NA,NA
84.90849,85,NA,NA
37.19587,35,NA,NA
85.53062,90,NA,NA
37.33408,35,NA,NA
85.53693,90,NA,NA
35.62338,35,NA,NA
74.99718,90,NA,NA
35.10924,35,NA,NA
69.30166,95,NA,NA
37.18075,35,NA,NA
70.54244,100,NA,NA
68.28603,105,NA,NA
71.16137,100,NA,NA
70.50129,95,NA,NA
69.9659,90,NA,NA
69.26868,85,NA,NA
61.47776,80,NA,NA
59.60437,75,NA,NA
59.37394,70,NA,NA
55.09974,65,NA,NA
51.55957,65,NA,NA
51.06054,60,NA,NA
50.12007,60,NA,NA
50.11926,55,NA,NA
47.69583,55,NA,NA
43.91956,55,NA,NA
41.42425,50,NA,NA
57.49184,56.2569927309762,39.8576451522671,72.6916827735359
51.16804,50,NA,NA
43.10905,56.6891041479635,40.4369621598879,73.1783848162173
54.53449,55,NA,NA
62.97876,58.7732020776582,42.7268028142906,74.9705147663976
40.54744,55,NA,NA
60.34041,59.951405052185,43.6352534060142,76.0546402613879
52.75778,55,NA,NA
46.68897,57.3065256796496,40.9762318022975,73.8239430528037
50.98981,60,NA,NA
48.35661,57.0674488194077,40.6753037295012,73.4491121234405
46.94328,65,NA,NA
57.26381,57.6849788245842,41.3705627382467,73.9805223363561
44.26468,70,NA,NA
53.97279,60.6256561073548,44.1824288553019,76.9506937286984
48.39199,75,NA,NA
48.81108,60.0265374440015,43.6469427343239,76.3207465446312
53.17716,90,NA,NA
44.08531,58.4809196810359,41.9627042718586,74.9738162730762
57.90214,105,NA,NA
50.85924,58.7088916421022,42.269806451848,75.0676517246349
81.49461,115,NA,NA
58.45886,60.589984376163,43.9781255202104,77.1108824119316
79.63273,110,NA,NA
64.89143,58.9351978367816,42.9104960944571,75.51751926956
89.1366,100,NA,NA
53.97368,55.3399642453708,38.8726541398349,71.8004584723939
91.5425,85,NA,NA
50.23052,55.5422597396216,39.1449503571486,71.9023540714494
74.25596,75,NA,NA
47.34959,53.6995945659386,37.0969301368132,70.0513915171231
68.49633,65,NA,NA
56.65102,54.9080201563024,38.7158578276717,71.2464317478332
51.2901,55,NA,NA
45.21964,52.8396518082482,36.7478598804428,69.152627815992
42.46445,45,NA,NA
58.33483,57.5051789308847,41.2743755639308,73.8470196911091
39.81404,35,NA,NA
59.90064,56.9095003254334,40.2375428202724,73.211558506408
35.56847,30,NA,NA
53.56862,57.3898862195774,41.137137645376,73.7939555149285
30.56015,30,NA,NA
43.13086,55.9633570895675,39.4011893974159,72.13416497094
29.82653,30,NA,NA
36.15973,54.7682270104517,38.5078168442509,71.2624182643198
24.35262,25,NA,NA
32.37796,55.2948880352875,38.839660299968,71.3869921383907
28.48436,55.8556672949224,39.335524421568,72.2716509863117
24.34887,54.8889452264465,38.6010139050457,71.3418546494786
23.22358,54.6078236842615,38.470366154458,70.6890743235879
21.0489,53.0383686647779,36.6108536491359,69.4213693728722
46.12108,59.3277161595345,42.788057657229,75.6084523137598
48.69746,56.053900640138,39.7956150333195,72.4209529804953
48.04279,58.7784782926021,42.5345658731404,74.8089806287876
52.00062,59.012380612192,42.7250508960185,75.2131253838939
48.50286,57.8641617324064,41.4229876496888,74.0626361882974
45.09336,50.3130027595076,34.1712520118225,66.5043844761553
45.22172,50.7677124053594,34.2724256603424,67.1213766046594
44.36531,49.5195351970532,32.8854764669329,65.9106523186916
42.47442,46.3805629141998,30.1237903697662,62.7585212409467
52.32694,40,NA,NA
39.52168,40.2436839184445,23.7379865433395,56.7153797180106
42.49429,40,NA,NA
38.78534,36.3069903940269,20.2613286163956,52.7265689982639
49.2439,40,NA,NA
34.92532,31.4060928611623,14.9946371193066,47.7022321740309
54.56149,40,NA,NA
57.23228,45,NA,NA
55.66764,45,NA,NA
52.93921,45,NA,NA
49.16704,45,NA,NA
56.11937,50,NA,NA
61.48963,50,NA,NA
56.56315,45,NA,NA
48.68781,45,NA,NA
49.52707,45,NA,NA
43.2388,40,NA,NA
41.79366,40,NA,NA
50.35607,35,NA,NA
44.11952,35,NA,NA
43.86601,35,NA,NA
36.64585,30,NA,NA
35.56699,45,NA,NA
35.61658,30,NA,NA
25.82641,50,NA,NA
35.20733,25,NA,NA
34.10275,55,NA,NA
31.61802,25,NA,NA
34.36592,50,NA,NA
27.1384,25,NA,NA
34.48045,35,NA,NA
26.60899,25,NA,NA
35.3839,30,NA,NA
28.68621,25,NA,NA
28.3822,25,NA,NA
25.66504,25,NA,NA
28.58354,20,NA,NA
22.69245,20,NA,NA
56.69827,50,NA,NA
55.01291,50,NA,NA
66.15418,50,NA,NA
72.79362,55,NA,NA
77.65601,60,NA,NA
76.06735,65,NA,NA
76.80723,75,NA,NA
67.33752,85,NA,NA
78.68399,95,NA,NA
46.98295,39.2595461098314,22.8610911017819,55.3676758846532
81.00208,90,NA,NA
40.24048,44.8626956219418,28.4807304908843,61.2554207161604
95.30431,85,NA,NA
98.92043,75,NA,NA
97.56828,75,NA,NA
81.49498,80,NA,NA
85.25889,95,NA,NA
89.719,105,NA,NA
101.1073,115,NA,NA
83.38194,115,NA,NA
72.43425,110,NA,NA
76.96658,105,NA,NA
86.68459,120,NA,NA
88.38247,125,NA,NA
103.7452,120,NA,NA
102.5242,115,NA,NA
113.3404,105,NA,NA
108.5337,95,NA,NA
104.005,90,NA,NA
100.8968,100,NA,NA
99.28188,110,NA,NA
94.76461,100,NA,NA
85.43745,95,NA,NA
71.12638,80,NA,NA
68.12556,75,NA,NA
53.39261,55,NA,NA
56.06718,50,NA,NA
55.39823,45,NA,NA
58.03936,45,NA,NA
45.26749,50,NA,NA
51.87186,50,NA,NA
47.53079,50,NA,NA
53.56717,65,NA,NA
46.00091,50,NA,NA
50.26163,75,NA,NA
46.67146,50,NA,NA
57.64914,80,NA,NA
43.47447,50,NA,NA
58.5853,75,NA,NA
47.48988,50,NA,NA
54.97691,70,NA,NA
43.85303,45,NA,NA
52.35149,65,NA,NA
39.96713,45,NA,NA
64.99104,60,NA,NA
41.94173,45,NA,NA
57.22789,40,NA,NA
39.38174,45,NA,NA
48.93619,30,NA,NA
36.62318,45,NA,NA
39.32451,20,NA,NA
47.77613,55,NA,NA
67.29402,65,NA,NA
58.69306,80,NA,NA
75.74997,95,NA,NA
78.36301,95,NA,NA
82.15582,90,NA,NA
82.33593,85,NA,NA
85.46125,80,NA,NA
72.9096,75,NA,NA
64.95219,70,NA,NA
58.57972,70,NA,NA
50.48322,65,NA,NA
48.58771,60,NA,NA
53.28962,60,NA,NA
48.79891,70,NA,NA
43.30119,65,NA,NA
38.82571,55,NA,NA
43.91434,45,NA,NA
55.14576,40,NA,NA
41.23471,35,NA,NA
32.49129,30,NA,NA
31.04088,30,NA,NA
44.36107,52.2599453470457,35.9389550220617,68.6735624811021
61.81548,53.450248162398,37.1220811434319,69.8256849064901
54.46218,57.1019366683088,40.9141298919118,73.4559675332526
60.52057,45.2573796944329,29.084120285975,61.7921502671252
51.11574,36.6693853924965,20.5363283911767,52.7581149503338
45.35599,17.2366326011018,0.942143914498164,33.7311474059065
41.6988,10.6126807615537,-5.68857522410212,26.9676607788848
38.63387,4.24588138260832,-11.8178081878842,20.5561007253302
33.14766,-0.00640172595674858,-16.0850078962208,16.0986165111351
31.11538,-7.48504975664569,-24.0284400724053,8.78368314477951
27.21436,-11.3148655217942,-27.5920041554023,5.02394642417419
50.02461,45,NA,NA
43.15048,45,NA,NA
41.74243,45,NA,NA
39.40171,40,NA,NA
46.53195,40,NA,NA
55.69734,45,NA,NA
53.19787,40,NA,NA
44.11683,50,NA,NA
46.27638,35,NA,NA
46.25938,55,NA,NA
39.37988,35,NA,NA
60.65413,65,NA,NA
31.76813,35,NA,NA
55.41403,65,NA,NA
37.36256,35,NA,NA
38.17628,60,NA,NA
32.82785,30,NA,NA
43.48269,55,NA,NA
20.97724,25,NA,NA
51.55284,50,NA,NA
19.8692,25,NA,NA
46.50251,45,NA,NA
18.18261,20,NA,NA
39.04553,40,NA,NA
15.65893,15,NA,NA
38.17558,35,NA,NA
14.95824,15,NA,NA
36.08514,30,NA,NA
34.17514,30,NA,NA
31.15481,30,NA,NA
28.64908,30,NA,NA
26.68266,25,NA,NA
28.01117,25,NA,NA
32.29921,36.0933183542573,19.7354237358747,52.2650016918765
46.82045,42.8575498500344,26.2581450021884,58.9449286385143
30.0176,37.3670560191452,21.2107617385537,53.652444060139
55.34344,64.7795844566847,48.6500532560645,80.925489160321
105.4682,99.0664129819096,82.8488965359175,115.304523727032
106.0262,98.0338521939885,81.6576851262951,114.230915164525
114.7012,110.253509068667,94.2862551155263,126.568189652151
112.3987,110.405857688315,94.1592394480093,126.722224325877
119.7091,120.099599134199,103.705956441146,136.192505182176
122.5446,115.528454728699,99.3712371181626,131.634403365116
110.2658,104.476641862416,88.2393258351781,120.873488143214
108.3681,110.290648593113,93.6861043427339,126.847147038811
111.232,106.400236751297,90.2773320014088,122.626847712379
81.31045,77.2371432283273,60.7370164376761,93.5950045571803
44.5146,47.0918952272703,30.8868552742162,63.3808305555481
34.01117,35.6493367276583,19.2184125206007,52.0330794032657
31.50242,31.1440558762293,14.6624448761529,47.4453419453815
33.68151,27.6297252976542,11.2221484910647,44.201176458799
23.60818,22.1101828225872,5.92126386836475,38.1695617345499
20.12629,14.9957956278854,-1.32428634864493,31.1290465531625
23.28163,25,NA,NA
26.90754,25,NA,NA
26.2884,25,NA,NA
26.00431,25,NA,NA
59.1779441833496,50,NA,NA
45.5138931274414,50,NA,NA
38.5175971984863,40,NA,NA
36.8921127319336,35,NA,NA
39.2144088745117,40,NA,NA
42.4663887023926,55,NA,NA
54.3185195922852,60,NA,NA
70.1509628295898,65,NA,NA
62.4097671508789,75,NA,NA
57.6246528625488,60,NA,NA
37.4392585754395,25,NA,NA
46.281379699707,45,NA,NA
49.0762634277344,50,NA,NA
58.8590354919434,55,NA,NA
63.4864463806152,60,NA,NA
62.3417205810547,65,NA,NA
55.807201385498,70,NA,NA
67.4242706298828,70,NA,NA
58.3738403320312,75,NA,NA
64.6137771606445,80,NA,NA
76.2010803222656,85,NA,NA
101.913780212402,95,NA,NA
113.322135925293,90,NA,NA
118.534408569336,80,NA,NA
79.2683258056641,60,NA,NA
61.7684860229492,50,NA,NA
46.2076950073242,40,NA,NA
43.6991996765137,35,NA,NA
36.1024322509766,35,NA,NA
41.4225692749023,35,NA,NA
37.1798515319824,35,NA,NA
38.5771675109863,35,NA,NA
44.6434478759766,30,NA,NA
38.866756439209,30,NA,NA
36.6326866149902,30,NA,NA
40.9929504394531,30,NA,NA
42.8788795471191,30,NA,NA
58.3905906677246,30,NA,NA
49.3659400939941,60,NA,NA
57.5223579406738,70,NA,NA
54.4444808959961,80,NA,NA
69.7995071411133,90,NA,NA
75.9391250610352,95,NA,NA
111.227714538574,105,NA,NA
109.686019897461,115,NA,NA
98.6052169799805,105,NA,NA
72.7848205566406,65,NA,NA
50.8319931030273,50,NA,NA
43.8804893493652,45,NA,NA
48.8518981933594,40,NA,NA
41.0388832092285,35,NA,NA
33.7270355224609,35,NA,NA
31.5990619659424,35,NA,NA
33.8010635375977,40,NA,NA
32.7949104309082,40,NA,NA
33.3606109619141,40,NA,NA
33.8915634155273,40,NA,NA
44.3503341674805,35,NA,NA
35.4599189758301,40,NA,NA
50.107536315918,35,NA,NA
31.1872425079346,40,NA,NA
49.930103302002,35,NA,NA
34.5679130554199,45,NA,NA
44.2536430358887,40,NA,NA
37.5330543518066,45,NA,NA
36.9570579528809,40,NA,NA
37.0983238220215,40,NA,NA
32.0999603271484,35,NA,NA
31.4874477386475,30,NA,NA
27.9567489624023,25,NA,NA
30.4157314300537,20,NA,NA
30.8877277374268,25,NA,NA
84.6323547363281,95,NA,NA
85.141227722168,100,NA,NA
74.6778869628906,100,NA,NA
90.7972259521484,100,NA,NA
97.6686859130859,100,NA,NA
101.553802490234,100,NA,NA
99.2572937011719,100,NA,NA
92.0463333129883,95,NA,NA
104.485847473145,95,NA,NA
87.9724273681641,95,NA,NA
113.185325622559,95,NA,NA
120.60661315918,100,NA,NA
126.87654876709,100,NA,NA
118.130058288574,100,NA,NA
122.245590209961,105,NA,NA
122.097114562988,110,NA,NA
130.361358642578,115,NA,NA
120.828201293945,125,NA,NA
123.35277557373,135,NA,NA
130.038604736328,150,NA,NA
134.456604003906,155,NA,NA
127.516761779785,155,NA,NA
134.01741027832,155,NA,NA
143.503662109375,155,NA,NA
148.984588623047,150,NA,NA
60.2354736328125,65,NA,NA
137.612838745117,150,NA,NA
87.2424621582031,70,NA,NA
39.3606185913086,70,NA,NA
138.106536865234,145,NA,NA
66.475959777832,80,NA,NA
58.9588088989258,70,NA,NA
136.847442626953,145,NA,NA
79.2088394165039,90,NA,NA
81.5570907592773,70,NA,NA
139.755950927734,145,NA,NA
82.186653137207,100,NA,NA
90.39111328125,70,NA,NA
134.962463378906,140,NA,NA
99.1199645996094,105,NA,NA
65.0007553100586,75,NA,NA
136.457458496094,135,NA,NA
107.914054870605,115,NA,NA
75.1179275512695,80,NA,NA
132.013702392578,135,NA,NA
110.144737243652,130,NA,NA
70.486442565918,85,NA,NA
131.101547241211,140,NA,NA
118.30094909668,135,NA,NA
56.9505996704102,90,NA,NA
132.880905151367,145,NA,NA
113.218383789062,135,NA,NA
57.4523086547852,70,NA,NA
134.502975463867,130,NA,NA
99.8642883300781,130,NA,NA
57.9745559692383,35,NA,NA
127.054336547852,110,NA,NA
118.659317016602,125,NA,NA
30.2892360687256,30,NA,NA
130.428756713867,95,NA,NA
123.481079101562,120,NA,NA
127.641746520996,100,NA,NA
118.52938079834,115,NA,NA
118.840545654297,115,NA,NA
106.378623962402,115,NA,NA
117.282150268555,115,NA,NA
112.48526763916,115,NA,NA
117.342727661133,100,NA,NA
121.43546295166,105,NA,NA
91.0673904418945,80,NA,NA
122.912826538086,100,NA,NA
74.7328491210938,65,NA,NA
109.597114562988,90,NA,NA
62.1805725097656,50,NA,NA
82.0976333618164,85,NA,NA
52.388801574707,45,NA,NA
66.6783447265625,80,NA,NA
45.5398178100586,35,NA,NA
61.9557456970215,75,NA,NA
37.6971244812012,25,NA,NA
59.7312393188477,70,NA,NA
34.276611328125,20,NA,NA
95.3610763549805,70,NA,NA
33.3411598205566,15,NA,NA
63.6401596069336,70,NA,NA
74.2331008911133,70,NA,NA
78.7278823852539,70,NA,NA
85.7125854492188,70,NA,NA
89.5691986083984,70,NA,NA
72.7826080322266,70,NA,NA
64.2143783569336,70,NA,NA
54.9322357177734,65,NA,NA
59.2149314880371,65,NA,NA
59.5020065307617,60,NA,NA
58.9546661376953,60,NA,NA
50.6460418701172,60,NA,NA
53.1158027648926,65,NA,NA
56.9874839782715,65,NA,NA
69.4375762939453,65,NA,NA
48.3161201477051,30,NA,NA
79.4674758911133,65,NA,NA
47.9062232971191,35,NA,NA
82.5652008056641,65,NA,NA
40.0227699279785,35,NA,NA
69.2016372680664,70,NA,NA
35.8921699523926,35,NA,NA
77.741096496582,75,NA,NA
36.2743034362793,35,NA,NA
66.0765914916992,80,NA,NA
32.9231300354004,30,NA,NA
77.3356552124023,80,NA,NA
31.1856231689453,30,NA,NA
77.4354705810547,80,NA,NA
38.125358581543,30,NA,NA
68.7292861938477,73.9934872370936,57.8486138929945,90.3217016980329
60.5743865966797,75,NA,NA
34.104133605957,30,NA,NA
68.7245941162109,89.8691419239017,73.6138419911582,106.004332299551
60.2521705627441,70,NA,NA
36.1303634643555,30,NA,NA
64.7554473876953,79.4383330154351,62.9028107452163,95.8488987563565
54.8073616027832,65,NA,NA
31.5509738922119,30,NA,NA
75.1801376342773,92.9018942134336,76.6149975163162,109.131821185433
56.9106636047363,65,NA,NA
35.6298904418945,25,NA,NA
100.933303833008,112.219503698184,95.6035493337629,128.543737055117
53.6316452026367,65,NA,NA
36.1367149353027,25,NA,NA
106.612510681152,119.499665245665,103.229738139149,135.656713427064
59.5065460205078,60,NA,NA
35.4430541992188,30,NA,NA
115.953666687012,116.527702726868,100.420572944785,132.975626265185
66.0453414916992,60,NA,NA
33.4312705993652,35,NA,NA
129.50212097168,123.799522314222,107.565224914796,139.800365976559
60.4669609069824,60,NA,NA
134.292465209961,140.296261810648,123.976819672788,156.891170078147
61.8404273986816,60,NA,NA
127.82682800293,121.712746547872,105.48511421856,138.035983688383
59.2854499816895,60,NA,NA
130.326309204102,128.24977517637,112.025433273498,144.564774570969
56.8685684204102,60,NA,NA
127.360496520996,114.71470705657,98.2536682069093,131.207679350942
46.7093963623047,55,NA,NA
118.811798095703,107.173334771247,90.587769446841,123.694470495551
44.717586517334,55,NA,NA
113.072074890137,99.1347742885289,82.7928008018664,115.364043717245
42.1544189453125,55,NA,NA
116.471458435059,101.65088668016,85.5285825310319,117.98601206374
44.3065185546875,50,NA,NA
115.838500976562,85.5644713846921,69.2447218968999,101.890300960477
39.5857772827148,45,NA,NA
108.746162414551,88.3440995290718,72.0984454106083,104.547485049792
37.5271034240723,45,NA,NA
109.511474609375,98.7202900948,82.3780486516174,115.231493797358
35.7266426086426,40,NA,NA
105.137641906738,95.7613780000605,79.3110232119746,112.049249869752
35.6800422668457,40,NA,NA
100.846305847168,95.3563423057403,78.9195924349631,111.913682739908
31.8612995147705,35,NA,NA
109.611251831055,110.301019315447,93.9592810084869,126.60453171058
30.5900611877441,35,NA,NA
96.1701736450195,99.2444456728636,82.994228865556,115.373016376408
27.5167846679688,30,NA,NA
99.9908065795898,102.468372922577,86.0322192449954,118.48122228595
100.789749145508,98.7974763587201,82.2541372138711,114.815041849448
45.831470489502,50,NA,NA
101.73705291748,96.5544045090391,80.0539413458556,112.780530589197
60.7877044677734,65,NA,NA
88.230583190918,85.4307950365201,68.8939973142146,101.887739350189
73.1728973388672,75,NA,NA
96.9864273071289,93.2674341006843,77.0681662882449,109.401574233793
75.6802825927734,80,NA,NA
89.267333984375,78.7530042984682,62.4525532890547,94.9447099268278
78.9479446411133,85,NA,NA
79.6450958251953,82.3478463996788,66.0449667342205,98.4607407713811
86.540168762207,80,NA,NA
74.6477279663086,80.7126413343641,64.3372841612044,96.9888297921659
86.1777648925781,80,NA,NA
67.0959625244141,73.7993409434919,57.565326528812,90.17235891208
63.1197319030762,75,NA,NA
66.2718353271484,76.3691785968359,59.9006972303251,92.7407102150715
58.1862716674805,80,NA,NA
69.8076019287109,72.8354836557434,56.3218045278605,89.3485688300718
73.8922271728516,85,NA,NA
62.6240310668945,65.1769942205312,48.7206520606502,81.2678772743128
98.1101150512695,90,NA,NA
59.2794952392578,61.9908909784086,45.6424003620815,78.0753249890377
95.6912002563477,95,NA,NA
54.8957786560059,66.2959080638928,49.8882405680797,82.5363758000457
95.302604675293,95,NA,NA
57.5641059875488,66.2753389351069,50.0893470414862,82.3721011916347
93.2997665405273,95,NA,NA
58.5912322998047,63.4407235393163,47.0286584632529,79.733176424506
98.9118423461914,100,NA,NA
59.4310455322266,67.2130950000659,50.6536048420856,83.5466888413607
108.647071838379,100,NA,NA
52.7431945800781,57.0638514219942,40.7512108857247,73.7457672304649
102.279891967773,95,NA,NA
48.8529815673828,58.5229159184792,42.3686897651493,74.9430190076495
96.4148941040039,90,NA,NA
50.5875396728516,61.142327085112,44.7688279794698,77.3757731584258
94.0050659179688,85,NA,NA
48.0318069458008,63.548564751124,47.3005695980992,79.8167118456649
100.896415710449,80,NA,NA
51.5977401733398,71.3309596781362,55.0601810199737,87.4595186247461
94.7231903076172,75,NA,NA
54.2794418334961,74.0869182903108,57.7860455034529,90.4844361035778
82.2820358276367,70,NA,NA
46.3171615600586,68.6934265943477,52.3037356719324,85.0310969852899
74.8137817382812,65,NA,NA
48.0233421325684,71.5242662652651,55.1873454172694,87.9122631854248
66.2275466918945,55,NA,NA
49.8705825805664,59.3386255869091,42.8999005229369,75.8253310798069
54.0040512084961,60.4567138624154,44.1256375160998,76.6318879437564
49.9117660522461,45,NA,NA
54.8882102966309,63.4615919902593,47.1810134564113,79.8330082832879
52.9934577941895,61.4811638185757,45.178885955715,77.7367553542474
50.4122085571289,57.6535446932947,41.2900486342241,73.9562861569002
47.7490692138672,47.3821204410182,30.9692559236077,63.7481274884473
41.8479194641113,45.0367181619878,28.7168765185395,61.3166607249876
39.5669364929199,36.2123780107465,19.7528185920229,52.4801717984077
43.4729843139648,35,NA,NA
38.1983337402344,35,NA,NA
42.3062286376953,40,NA,NA
53.0474700927734,40,NA,NA
53.5692520141602,45,NA,NA
48.3725738525391,55,NA,NA
51.8144912719727,70,NA,NA
49.3998260498047,80,NA,NA
49.1425552368164,80,NA,NA
68.9043350219727,75,NA,NA
64.2825317382812,60,NA,NA
44.1382446289062,35,NA,NA
39.873966217041,25,NA,NA
39.0345840454102,20,NA,NA
30.9485511779785,20,NA,NA
43.3124160766602,47.1504192010804,30.467596584499,63.1902710755434
56.2433624267578,69.1063285142757,52.8602096161441,85.2868690874491
56.1315383911133,72.1102282134543,55.5132466837357,88.5014882690049
62.1778144836426,72.9298222867473,56.6893725560092,89.0351544546943
68.9038543701172,76.1824415549781,60.1386604331266,92.3679569616254
65.2309188842773,76.8124921658033,60.6376321879654,92.9507291708915
64.9105834960938,75.944086632849,59.456979323884,92.3446661743695
66.2501068115234,76.2482936476741,59.8892305638622,92.4053300751806
74.6748504638672,81.8328834323964,65.6950958031555,98.4256174361364
74.172981262207,80.3939555516697,63.9580648192744,96.6898001746895
69.3264999389648,81.1336964345299,64.7365245686291,97.3769091554019
69.0766830444336,82.1392928202792,65.7395654063051,98.443571058618
75.3353042602539,82.2913471429555,66.1745794643045,98.5646089775525
72.2395324707031,84.0535444715474,67.5796692114164,100.403142196298
82.3613586425781,88.2094912608036,71.6843783593493,104.828251564345
80.5601654052734,89.5891506564924,73.4143075659283,105.721906634044
88.2461318969727,91.2417603335665,74.6831827550758,107.588092385188
93.8906478881836,93.0670606781697,76.8543861478309,109.315007147709
95.8446273803711,91.760411571669,75.3009673196038,108.290188134453
91.4366302490234,89.57064783808,73.2469398061346,106.129015892584
96.6309280395508,90.5948775722974,74.1987836427354,106.82607216145
89.4229431152344,88.6618312773968,72.3076471340755,105.18946065971
88.0579605102539,90.7281771671216,74.3504034245021,106.98380937963
74.5595016479492,82.7703838774839,66.2373586593854,99.3327018926298
57.3374824523926,71.6312816427821,55.1736956311262,87.7368114263314
52.6399803161621,62.0707882192917,45.6639643101254,78.5230975717245
52.0327491760254,30,NA,NA
42.8486557006836,52.8741583997777,36.553458108121,69.2620639582088
44.5541229248047,47.7470517745369,31.0753814972053,64.4188390091785
50.2411994934082,56.5716541590264,40.2196110768819,72.9494038928057
49.5092620849609,57.2239277946973,41.0827450569186,73.2371060293699
44.8535385131836,59.5608129106067,43.287259731505,75.8529343101397
44.4884338378906,55.6078591487433,39.2411741899365,71.9108012352276
44.3067779541016,63.9827883596319,47.8480133307781,80.0962037125973
44.8991622924805,68.293932121991,51.8432468545533,84.726258942626
41.1701126098633,74.67958196651,58.4535608401317,90.9831787512338
25.4106101989746,30,NA,NA
20.4563694000244,25,NA,NA
24.5791606903076,37.1298711059219,20.9558813311274,53.3044250934663
21.726053237915,31.6864678069394,15.368310788985,47.984262003743
17.5809211730957,24.9915274806531,8.58226167695142,41.441240574473
19.501148223877,23.6005679190843,7.18691824091789,39.958122169045
30.3070735931396,25,NA,NA
25.6162605285645,25,NA,NA
28.5956916809082,25,NA,NA
25.7227325439453,25,NA,NA
26.4066905975342,25,NA,NA
25.5237426757812,25,NA,NA
24.1244335174561,25,NA,NA
65.14892578125,50,NA,NA
66.366325378418,55,NA,NA
61.7973594665527,60,NA,NA
59.69970703125,65,NA,NA
59.5822410583496,80,NA,NA
55.4944877624512,95,NA,NA
60.3037033081055,115,NA,NA
82.0374526977539,115,NA,NA
90.5003356933594,105,NA,NA
91.4937133789062,95,NA,NA
92.8973770141602,85,NA,NA
84.2472381591797,75,NA,NA
76.7115631103516,65,NA,NA
65.5921325683594,60,NA,NA
58.3090209960938,50,NA,NA
46.5096855163574,40,NA,NA
38.7963905334473,35,NA,NA
36.6660690307617,35,NA,NA
37.4114036560059,35,NA,NA
34.2927589416504,35,NA,NA
48.0607795715332,35,NA,NA
48.4183197021484,40,NA,NA
50.3255805969238,45,NA,NA
48.4477767944336,55,NA,NA
52.9742431640625,55,NA,NA
50.828727722168,55,NA,NA
45.6331825256348,50,NA,NA
43.9719657897949,50,NA,NA
49.2888412475586,45,NA,NA
49.3726425170898,40,NA,NA
45.7655906677246,35,NA,NA
44.6951522827148,35,NA,NA
34.4617042541504,30,NA,NA
32.2019577026367,30,NA,NA
26.7492179870605,30,NA,NA
24.4177436828613,35,NA,NA
28.3118438720703,35,NA,NA
28.2585391998291,30,NA,NA
29.6853370666504,30,NA,NA
31.0824794769287,30,NA,NA
33.1592826843262,30,NA,NA
30.1095066070557,30,NA,NA
30.7405605316162,30,NA,NA
37.8388862609863,80,NA,NA
28.6448154449463,30,NA,NA
28.6852111816406,60,NA,NA
25.6218643188477,30,NA,NA
24.2263736724854,25,NA,NA
24.1341934204102,30,NA,NA
25.9914360046387,30,NA,NA
59.1266708374023,60,NA,NA
27.4918689727783,25,NA,NA
50.3316764831543,65,NA,NA
24.9605846405029,25,NA,NA
53.0085906982422,65,NA,NA
30.6069278717041,30,NA,NA
56.8839492797852,60,NA,NA
31.912145614624,35,NA,NA
46.269344329834,55,NA,NA
27.843729019165,40,NA,NA
47.4888305664062,50,NA,NA
31.239860534668,50,NA,NA
51.4946136474609,45,NA,NA
32.2121696472168,65,NA,NA
56.0763473510742,45,NA,NA
35.7145729064941,80,NA,NA
46.433780670166,45,NA,NA
38.6295433044434,100,NA,NA
42.0412902832031,45,NA,NA
39.4739532470703,90,NA,NA
32.5930633544922,45,NA,NA
39.3374137878418,65,NA,NA
31.341344833374,45,NA,NA
49.9200439453125,45,NA,NA
36.9732627868652,40,NA,NA
48.2303924560547,40,NA,NA
30.1733169555664,35,NA,NA
41.0353507995605,35,NA,NA
31.2486820220947,30,NA,NA
29.2544822692871,30,NA,NA
31.2762603759766,30,NA,NA
27.3128623962402,30,NA,NA
29.9203128814697,30,NA,NA
27.4517192840576,25,NA,NA
25.2117080688477,30,NA,NA
24.4529857635498,25,NA,NA
24.6111469268799,25,NA,NA
24.2003917694092,25,NA,NA
24.1167411804199,25,NA,NA
47.740852355957,40,NA,NA
28.5708694458008,35,NA,NA
42.6382102966309,25,NA,NA
37.541919708252,30,NA,NA
